,lad2014_code,lad2014_name,year,population
0,E06000001,Hartlepool,2009,91530
1,E06000002,Middlesbrough,2009,137273
2,E06000003,Redcar and Cleveland,2009,135867
3,E06000004,Stockton-on-Tees,2009,189978
4,E06000005,Darlington,2009,104355
5,E06000006,Halton,2009,123636
6,E06000007,Warrington,2009,200057
7,E06000008,Blackburn with Darwen,2009,146197
8,E06000009,Blackpool,2009,142578
9,E06000010,Kingston upon Hull City of,2009,256079
10,E06000011,East Riding of Yorkshire,2009,332748
11,E06000012,North East Lincolnshire,2009,158689
12,E06000013,North Lincolnshire,2009,165572
13,E06000014,York,2009,192398
14,E06000015,Derby,2009,243980
15,E06000016,Leicester,2009,319708
16,E06000017,Rutland,2009,37417
17,E06000018,Nottingham,2009,294808
18,E06000019,Herefordshire County of,2009,182367
19,E06000020,Telford and Wrekin,2009,164889
20,E06000021,Stoke-on-Trent,2009,245869
21,E06000022,Bath and North East Somerset,2009,173360
22,E06000023,Bristol City of,2009,418990
23,E06000024,North Somerset,2009,201711
24,E06000025,South Gloucestershire,2009,259730
25,E06000026,Plymouth,2009,253116
26,E06000027,Torbay,2009,131641
27,E06000028,Bournemouth,2009,174251
28,E06000029,Poole,2009,145420
29,E06000030,Swindon,2009,204371
30,E06000031,Peterborough,2009,178963
31,E06000032,Luton,2009,195449
32,E06000033,Southend-on-Sea,2009,170013
33,E06000034,Thurrock,2009,155003
34,E06000035,Medway,2009,260230
35,E06000036,Bracknell Forest,2009,111916
36,E06000037,West Berkshire,2009,153039
37,E06000038,Reading,2009,152326
38,E06000039,Slough,2009,134742
39,E06000040,Windsor and Maidenhead,2009,142424
40,E06000041,Wokingham,2009,154165
41,E06000042,Milton Keynes,2009,240178
42,E06000043,Brighton and Hove,2009,265584
43,E06000044,Portsmouth,2009,198983
44,E06000045,Southampton,2009,230017
45,E06000046,Isle of Wight,2009,138361
46,E06000047,County Durham,2009,507311
47,E06000049,Cheshire East,2009,368023
48,E06000050,Cheshire West and Chester,2009,329116
49,E06000051,Shropshire,2009,302069
50,E06000052,Cornwall,2009,526365
51,E06000053,Isles of Scilly,2009,2251
52,E06000054,Wiltshire,2009,466711
53,E06000055,Bedford,2009,154808
54,E06000056,Central Bedfordshire,2009,250329
55,E06000057,Northumberland,2009,314489
56,E07000004,Aylesbury Vale,2009,171418
57,E07000005,Chiltern,2009,92526
58,E07000006,South Bucks,2009,66018
59,E07000007,Wycombe,2009,168851
60,E07000008,Cambridge,2009,116746
61,E07000009,East Cambridgeshire,2009,82357
62,E07000010,Fenland,2009,94404
63,E07000011,Huntingdonshire,2009,167052
64,E07000012,South Cambridgeshire,2009,145679
65,E07000026,Allerdale,2009,96377
66,E07000027,Barrow-in-Furness,2009,69776
67,E07000028,Carlisle,2009,106966
68,E07000029,Copeland,2009,70662
69,E07000030,Eden,2009,52595
70,E07000031,South Lakeland,2009,104410
71,E07000032,Amber Valley,2009,121532
72,E07000033,Bolsover,2009,75224
73,E07000034,Chesterfield,2009,103037
74,E07000035,Derbyshire Dales,2009,70705
75,E07000036,Erewash,2009,111283
76,E07000037,High Peak,2009,91047
77,E07000038,North East Derbyshire,2009,98474
78,E07000039,South Derbyshire,2009,93015
79,E07000040,East Devon,2009,132378
80,E07000041,Exeter,2009,114419
81,E07000042,Mid Devon,2009,76981
82,E07000043,North Devon,2009,93046
83,E07000044,South Hams,2009,83368
84,E07000045,Teignbridge,2009,124451
85,E07000046,Torridge,2009,63477
86,E07000047,West Devon,2009,52868
87,E07000048,Christchurch,2009,47277
88,E07000049,East Dorset,2009,87010
89,E07000050,North Dorset,2009,67798
90,E07000051,Purbeck,2009,45087
91,E07000052,West Dorset,2009,98626
92,E07000053,Weymouth and Portland,2009,65046
93,E07000061,Eastbourne,2009,98228
94,E07000062,Hastings,2009,89293
95,E07000063,Lewes,2009,96114
96,E07000064,Rother,2009,90123
97,E07000065,Wealden,2009,146612
98,E07000066,Basildon,2009,173084
99,E07000067,Braintree,2009,144589
100,E07000068,Brentwood,2009,72663
101,E07000069,Castle Point,2009,88122
102,E07000070,Chelmsford,2009,166208
103,E07000071,Colchester,2009,169027
104,E07000072,Epping Forest,2009,123820
105,E07000073,Harlow,2009,80710
106,E07000074,Maldon,2009,61815
107,E07000075,Rochford,2009,83094
108,E07000076,Tendring,2009,139593
109,E07000077,Uttlesford,2009,76778
110,E07000078,Cheltenham,2009,113967
111,E07000079,Cotswold,2009,82765
112,E07000080,Forest of Dean,2009,81994
113,E07000081,Gloucester,2009,119348
114,E07000082,Stroud,2009,111853
115,E07000083,Tewkesbury,2009,80553
116,E07000084,Basingstoke and Deane,2009,164135
117,E07000085,East Hampshire,2009,114261
118,E07000086,Eastleigh,2009,122377
119,E07000087,Fareham,2009,110832
120,E07000088,Gosport,2009,81961
121,E07000089,Hart,2009,90986
122,E07000090,Havant,2009,119394
123,E07000091,New Forest,2009,175432
124,E07000092,Rushmoor,2009,92572
125,E07000093,Test Valley,2009,115251
126,E07000094,Winchester,2009,114505
127,E07000095,Broxbourne,2009,92395
128,E07000096,Dacorum,2009,142205
129,E07000098,Hertsmere,2009,98637
130,E07000099,North Hertfordshire,2009,125269
131,E07000102,Three Rivers,2009,87096
132,E07000103,Watford,2009,86472
133,E07000105,Ashford,2009,115694
134,E07000106,Canterbury,2009,146396
135,E07000107,Dartford,2009,95266
136,E07000108,Dover,2009,110061
137,E07000109,Gravesham,2009,100188
138,E07000110,Maidstone,2009,151594
139,E07000111,Sevenoaks,2009,113754
140,E07000112,Shepway,2009,105716
141,E07000113,Swale,2009,133030
142,E07000114,Thanet,2009,132337
143,E07000115,Tonbridge and Malling,2009,118459
144,E07000116,Tunbridge Wells,2009,112774
145,E07000117,Burnley,2009,87027
146,E07000118,Chorley,2009,105682
147,E07000119,Fylde,2009,75441
148,E07000120,Hyndburn,2009,81003
149,E07000121,Lancaster,2009,136013
150,E07000122,Pendle,2009,89287
151,E07000123,Preston,2009,137956
152,E07000124,Ribble Valley,2009,57004
153,E07000125,Rossendale,2009,67479
154,E07000126,South Ribble,2009,108609
155,E07000127,West Lancashire,2009,110583
156,E07000128,Wyre,2009,108057
157,E07000129,Blaby,2009,93511
158,E07000130,Charnwood,2009,162330
159,E07000131,Harborough,2009,84132
160,E07000132,Hinckley and Bosworth,2009,104473
161,E07000133,Melton,2009,49481
162,E07000134,North West Leicestershire,2009,92728
163,E07000135,Oadby and Wigston,2009,55600
164,E07000136,Boston,2009,63399
165,E07000137,East Lindsey,2009,137140
166,E07000138,Lincoln,2009,90813
167,E07000139,North Kesteven,2009,106456
168,E07000140,South Holland,2009,86987
169,E07000141,South Kesteven,2009,132188
170,E07000142,West Lindsey,2009,88616
171,E07000143,Breckland,2009,129431
172,E07000144,Broadland,2009,123819
173,E07000145,Great Yarmouth,2009,96414
174,E07000146,King's Lynn and West Norfolk,2009,146428
175,E07000147,North Norfolk,2009,100556
176,E07000148,Norwich,2009,129219
177,E07000149,South Norfolk,2009,120488
178,E07000150,Corby,2009,59035
179,E07000151,Daventry,2009,77700
180,E07000152,East Northamptonshire,2009,85929
181,E07000153,Kettering,2009,92123
182,E07000154,Northampton,2009,207875
183,E07000155,South Northamptonshire,2009,85693
184,E07000156,Wellingborough,2009,75109
185,E07000163,Craven,2009,55326
186,E07000164,Hambleton,2009,88645
187,E07000165,Harrogate,2009,156511
188,E07000166,Richmondshire,2009,52440
189,E07000167,Ryedale,2009,52157
190,E07000168,Scarborough,2009,108943
191,E07000169,Selby,2009,82374
192,E07000170,Ashfield,2009,117875
193,E07000171,Bassetlaw,2009,112563
194,E07000172,Broxtowe,2009,109217
195,E07000173,Gedling,2009,112688
196,E07000174,Mansfield,2009,103711
197,E07000175,Newark and Sherwood,2009,113914
198,E07000176,Rushcliffe,2009,110137
199,E07000177,Cherwell,2009,140301
200,E07000178,Oxford,2009,145478
201,E07000179,South Oxfordshire,2009,133466
202,E07000180,Vale of White Horse,2009,120026
203,E07000181,West Oxfordshire,2009,103824
204,E07000187,Mendip,2009,108604
205,E07000188,Sedgemoor,2009,112934
206,E07000189,South Somerset,2009,160678
207,E07000190,Taunton Deane,2009,109312
208,E07000191,West Somerset,2009,35064
209,E07000192,Cannock Chase,2009,96514
210,E07000193,East Staffordshire,2009,112033
211,E07000194,Lichfield,2009,100012
212,E07000195,Newcastle-under-Lyme,2009,123073
213,E07000196,South Staffordshire,2009,107561
214,E07000197,Stafford,2009,129041
215,E07000198,Staffordshire Moorlands,2009,96781
216,E07000199,Tamworth,2009,76255
217,E07000200,Babergh,2009,87411
218,E07000201,Forest Heath,2009,57876
219,E07000202,Ipswich,2009,129320
220,E07000203,Mid Suffolk,2009,95250
221,E07000204,St Edmundsbury,2009,108449
222,E07000205,Suffolk Coastal,2009,123841
223,E07000206,Waveney,2009,116036
224,E07000207,Elmbridge,2009,129991
225,E07000208,Epsom and Ewell,2009,73106
226,E07000209,Guildford,2009,133584
227,E07000210,Mole Valley,2009,84732
228,E07000211,Reigate and Banstead,2009,134934
229,E07000212,Runnymede,2009,79373
230,E07000213,Spelthorne,2009,94001
231,E07000214,Surrey Heath,2009,85142
232,E07000215,Tandridge,2009,82099
233,E07000216,Waverley,2009,120106
234,E07000217,Woking,2009,96597
235,E07000218,North Warwickshire,2009,62124
236,E07000219,Nuneaton and Bedworth,2009,124330
237,E07000220,Rugby,2009,97662
238,E07000221,Stratford-on-Avon,2009,119826
239,E07000222,Warwick,2009,138189
240,E07000223,Adur,2009,61023
241,E07000224,Arun,2009,148891
242,E07000225,Chichester,2009,112474
243,E07000226,Crawley,2009,103843
244,E07000227,Horsham,2009,129790
245,E07000228,Mid Sussex,2009,137209
246,E07000229,Worthing,2009,102809
247,E07000234,Bromsgrove,2009,93444
248,E07000235,Malvern Hills,2009,74141
249,E07000236,Redditch,2009,83102
250,E07000237,Worcester,2009,97117
251,E07000238,Wychavon,2009,116499
252,E07000239,Wyre Forest,2009,97993
253,E07000240,St Albans,2009,137858
254,E07000241,Welwyn Hatfield,2009,108434
255,E07000242,East Hertfordshire,2009,135980
256,E07000243,Stevenage,2009,82253
257,E08000001,Bolton,2009,273049
258,E08000002,Bury,2009,183885
259,E08000003,Manchester,2009,483784
260,E08000004,Oldham,2009,222811
261,E08000005,Rochdale,2009,210248
262,E08000006,Salford,2009,228948
263,E08000007,Stockport,2009,282263
264,E08000008,Tameside,2009,217417
265,E08000009,Trafford,2009,223065
266,E08000010,Wigan,2009,314363
267,E08000011,Knowsley,2009,147070
268,E08000012,Liverpool,2009,457523
269,E08000013,St Helens,2009,175272
270,E08000014,Sefton,2009,274153
271,E08000015,Wirral,2009,317771
272,E08000016,Barnsley,2009,228973
273,E08000017,Doncaster,2009,300184
274,E08000018,Rotherham,2009,256313
275,E08000019,Sheffield,2009,538385
276,E08000021,Newcastle upon Tyne,2009,273422
277,E08000022,North Tyneside,2009,199017
278,E08000023,South Tyneside,2009,148509
279,E08000024,Sunderland,2009,276209
280,E08000025,Birmingham,2009,1050072
281,E08000026,Coventry,2009,307393
282,E08000027,Dudley,2009,311088
283,E08000028,Sandwell,2009,302303
284,E08000029,Solihull,2009,205470
285,E08000030,Walsall,2009,264774
286,E08000031,Wolverhampton,2009,246016
287,E08000032,Bradford,2009,512392
288,E08000033,Calderdale,2009,202078
289,E08000034,Kirklees,2009,414785
290,E08000035,Leeds,2009,743885
291,E08000036,Wakefield,2009,324467
292,E08000037,Gateshead,2009,197481
293,E09000001,City of London,2009,7472
294,E09000002,Barking and Dagenham,2009,177580
295,E09000003,Barnet,2009,345829
296,E09000004,Bexley,2009,228146
297,E09000005,Brent,2009,298118
298,E09000006,Bromley,2009,306924
299,E09000007,Camden,2009,212924
300,E09000008,Croydon,2009,352763
301,E09000009,Ealing,2009,329966
302,E09000010,Enfield,2009,301971
303,E09000011,Greenwich,2009,243672
304,E09000012,Hackney,2009,236622
305,E09000013,Hammersmith and Fulham,2009,180116
306,E09000014,Haringey,2009,249805
307,E09000015,Harrow,2009,233495
308,E09000016,Havering,2009,234127
309,E09000017,Hillingdon,2009,265665
310,E09000018,Hounslow,2009,243366
311,E09000019,Islington,2009,196704
312,E09000020,Kensington and Chelsea,2009,161893
313,E09000021,Kingston upon Thames,2009,157307
314,E09000022,Lambeth,2009,294050
315,E09000023,Lewisham,2009,270418
316,E09000024,Merton,2009,198136
317,E09000025,Newham,2009,286447
318,E09000026,Redbridge,2009,270435
319,E09000027,Richmond upon Thames,2009,184394
320,E09000028,Southwark,2009,281120
321,E09000029,Sutton,2009,188167
322,E09000030,Tower Hamlets,2009,240495
323,E09000031,Waltham Forest,2009,248140
324,E09000032,Wandsworth,2009,299347
325,E09000033,Westminster,2009,216980
326,N09000001,Antrim and Newtownabbey,2009,137422
327,N09000002,Armagh Banbridge and Craigavon,2009,196203
328,N09000003,Belfast,2009,331763
329,N09000004,Causeway Coast and Glens,2009,139616
330,N09000005,Derry and Strabane,2009,148053
331,N09000006,Fermanagh and Omagh,2009,111998
332,N09000007,Lisburn and Castlereagh,2009,132386
333,N09000008,Mid and East Antrim,2009,134774
334,N09000009,Mid Ulster,2009,135408
335,N09000010,Newry Mourne and Down,2009,169652
336,N09000011,North Down and Ards,2009,156058
337,S12000005,Clackmannanshire,2009,51290
338,S12000006,Dumfries and Galloway,2009,151160
339,S12000008,East Ayrshire,2009,122110
340,S12000010,East Lothian,2009,98340
341,S12000011,East Renfrewshire,2009,89980
342,S12000013,Eilean Siar,2009,27420
343,S12000014,Falkirk,2009,154210
344,S12000015,Fife,2009,361410
345,S12000017,Highland,2009,228750
346,S12000018,Inverclyde,2009,81670
347,S12000019,Midlothian,2009,81900
348,S12000020,Moray,2009,93170
349,S12000021,North Ayrshire,2009,137830
350,S12000023,Orkney Islands,2009,20940
351,S12000024,Perth and Kinross,2009,144370
352,S12000026,Scottish Borders,2009,113590
353,S12000027,Shetland Islands,2009,22790
354,S12000028,South Ayrshire,2009,112490
355,S12000029,South Lanarkshire,2009,312180
356,S12000030,Stirling,2009,88690
357,S12000033,Aberdeen City,2009,217020
358,S12000034,Aberdeenshire,2009,249020
359,S12000035,Argyll and Bute,2009,89450
360,S12000036,City of Edinburgh,2009,31998
361,E06000001,Hartlepool,2010,91773
362,E06000002,Middlesbrough,2010,137667
363,E06000003,Redcar and Cleveland,2010,135383
364,E06000004,Stockton-on-Tees,2010,190902
365,E06000005,Darlington,2010,105028
366,E06000006,Halton,2010,124802
367,E06000007,Warrington,2010,201309
368,E06000008,Blackburn with Darwen,2010,146966
369,E06000009,Blackpool,2010,142753
370,E06000010,Kingston upon Hull City of,2010,256174
371,E06000011,East Riding of Yorkshire,2010,333599
372,E06000012,North East Lincolnshire,2010,158951
373,E06000013,North Lincolnshire,2010,166539
374,E06000014,York,2010,195070
375,E06000015,Derby,2010,247035
376,E06000016,Leicester,2010,324912
377,E06000017,Rutland,2010,37670
378,E06000018,Nottingham,2010,299753
379,E06000019,Herefordshire County of,2010,182865
380,E06000020,Telford and Wrekin,2010,165641
381,E06000021,Stoke-on-Trent,2010,247381
382,E06000022,Bath and North East Somerset,2010,174267
383,E06000023,Bristol City of,2010,423044
384,E06000024,North Somerset,2010,202967
385,E06000025,South Gloucestershire,2010,261471
386,E06000026,Plymouth,2010,254227
387,E06000027,Torbay,2010,131443
388,E06000028,Bournemouth,2010,179308
389,E06000029,Poole,2010,146754
390,E06000030,Swindon,2010,206939
391,E06000031,Peterborough,2010,181762
392,E06000032,Luton,2010,199583
393,E06000033,Southend-on-Sea,2010,172122
394,E06000034,Thurrock,2010,156585
395,E06000035,Medway,2010,262738
396,E06000036,Bracknell Forest,2010,112893
397,E06000037,West Berkshire,2010,153943
398,E06000038,Reading,2010,154296
399,E06000039,Slough,2010,137800
400,E06000040,Windsor and Maidenhead,2010,143988
401,E06000041,Wokingham,2010,154650
402,E06000042,Milton Keynes,2010,245450
403,E06000043,Brighton and Hove,2010,269495
404,E06000044,Portsmouth,2010,202700
405,E06000045,Southampton,2010,233085
406,E06000046,Isle of Wight,2010,138364
407,E06000047,County Durham,2010,510628
408,E06000049,Cheshire East,2010,369051
409,E06000050,Cheshire West and Chester,2010,329553
410,E06000051,Shropshire,2010,304523
411,E06000052,Cornwall,2010,529794
412,E06000053,Isles of Scilly,2010,2228
413,E06000054,Wiltshire,2010,470199
414,E06000055,Bedford,2010,156535
415,E06000056,Central Bedfordshire,2010,252460
416,E06000057,Northumberland,2010,315463
417,E07000004,Aylesbury Vale,2010,172892
418,E07000005,Chiltern,2010,92915
419,E07000006,South Bucks,2010,66705
420,E07000007,Wycombe,2010,170308
421,E07000008,Cambridge,2010,120219
422,E07000009,East Cambridgeshire,2010,83303
423,E07000010,Fenland,2010,95135
424,E07000011,Huntingdonshire,2010,168352
425,E07000012,South Cambridgeshire,2010,147890
426,E07000026,Allerdale,2010,96301
427,E07000027,Barrow-in-Furness,2010,69429
428,E07000028,Carlisle,2010,106985
429,E07000029,Copeland,2010,70629
430,E07000030,Eden,2010,52678
431,E07000031,South Lakeland,2010,104143
432,E07000032,Amber Valley,2010,122081
433,E07000033,Bolsover,2010,75691
434,E07000034,Chesterfield,2010,103417
435,E07000035,Derbyshire Dales,2010,71030
436,E07000036,Erewash,2010,111739
437,E07000037,High Peak,2010,91063
438,E07000038,North East Derbyshire,2010,98832
439,E07000039,South Derbyshire,2010,94095
440,E07000040,East Devon,2010,132666
441,E07000041,Exeter,2010,115712
442,E07000042,Mid Devon,2010,77391
443,E07000043,North Devon,2010,93293
444,E07000044,South Hams,2010,83516
445,E07000045,Teignbridge,2010,124359
446,E07000046,Torridge,2010,63686
447,E07000047,West Devon,2010,53285
448,E07000048,Christchurch,2010,47698
449,E07000049,East Dorset,2010,87165
450,E07000050,North Dorset,2010,67922
451,E07000051,Purbeck,2010,45165
452,E07000052,West Dorset,2010,99033
453,E07000053,Weymouth and Portland,2010,65032
454,E07000061,Eastbourne,2010,98510
455,E07000062,Hastings,2010,89623
456,E07000063,Lewes,2010,97079
457,E07000064,Rother,2010,90578
458,E07000065,Wealden,2010,147861
459,E07000066,Basildon,2010,173788
460,E07000067,Braintree,2010,145972
461,E07000068,Brentwood,2010,73301
462,E07000069,Castle Point,2010,88115
463,E07000070,Chelmsford,2010,167441
464,E07000071,Colchester,2010,171679
465,E07000072,Epping Forest,2010,124189
466,E07000073,Harlow,2010,81490
467,E07000074,Maldon,2010,61845
468,E07000075,Rochford,2010,83415
469,E07000076,Tendring,2010,139058
470,E07000077,Uttlesford,2010,78620
471,E07000078,Cheltenham,2010,114901
472,E07000079,Cotswold,2010,82614
473,E07000080,Forest of Dean,2010,81896
474,E07000081,Gloucester,2010,120660
475,E07000082,Stroud,2010,112491
476,E07000083,Tewkesbury,2010,81535
477,E07000084,Basingstoke and Deane,2010,166364
478,E07000085,East Hampshire,2010,115350
479,E07000086,Eastleigh,2010,124240
480,E07000087,Fareham,2010,111382
481,E07000088,Gosport,2010,82307
482,E07000089,Hart,2010,91276
483,E07000090,Havant,2010,120105
484,E07000091,New Forest,2010,176323
485,E07000092,Rushmoor,2010,93397
486,E07000093,Test Valley,2010,115814
487,E07000094,Winchester,2010,115789
488,E07000095,Broxbourne,2010,93085
489,E07000096,Dacorum,2010,143651
490,E07000098,Hertsmere,2010,99402
491,E07000099,North Hertfordshire,2010,126286
492,E07000102,Three Rivers,2010,87573
493,E07000103,Watford,2010,88574
494,E07000105,Ashford,2010,116975
495,E07000106,Canterbury,2010,148653
496,E07000107,Dartford,2010,96337
497,E07000108,Dover,2010,111072
498,E07000109,Gravesham,2010,101076
499,E07000110,Maidstone,2010,153739
500,E07000111,Sevenoaks,2010,114509
501,E07000112,Shepway,2010,106962
502,E07000113,Swale,2010,134980
503,E07000114,Thanet,2010,133508
504,E07000115,Tonbridge and Malling,2010,120054
505,E07000116,Tunbridge Wells,2010,114040
506,E07000117,Burnley,2010,86902
507,E07000118,Chorley,2010,106443
508,E07000119,Fylde,2010,75610
509,E07000120,Hyndburn,2010,80876
510,E07000121,Lancaster,2010,137120
511,E07000122,Pendle,2010,89234
512,E07000123,Preston,2010,138831
513,E07000124,Ribble Valley,2010,57218
514,E07000125,Rossendale,2010,67824
515,E07000126,South Ribble,2010,108846
516,E07000127,West Lancashire,2010,110763
517,E07000128,Wyre,2010,107912
518,E07000129,Blaby,2010,93935
519,E07000130,Charnwood,2010,164346
520,E07000131,Harborough,2010,84849
521,E07000132,Hinckley and Bosworth,2010,104734
522,E07000133,Melton,2010,50077
523,E07000134,North West Leicestershire,2010,93165
524,E07000135,Oadby and Wigston,2010,55186
525,E07000136,Boston,2010,64475
526,E07000137,East Lindsey,2010,137251
527,E07000138,Lincoln,2010,92188
528,E07000139,North Kesteven,2010,107478
529,E07000140,South Holland,2010,87905
530,E07000141,South Kesteven,2010,133144
531,E07000142,West Lindsey,2010,89364
532,E07000143,Breckland,2010,129932
533,E07000144,Broadland,2010,124483
534,E07000145,Great Yarmouth,2010,97063
535,E07000146,King's Lynn and West Norfolk,2010,147134
536,E07000147,North Norfolk,2010,100780
537,E07000148,Norwich,2010,130923
538,E07000149,South Norfolk,2010,122611
539,E07000150,Corby,2010,60124
540,E07000151,Daventry,2010,77725
541,E07000152,East Northamptonshire,2010,86342
542,E07000153,Kettering,2010,92910
543,E07000154,Northampton,2010,210084
544,E07000155,South Northamptonshire,2010,85647
545,E07000156,Wellingborough,2010,75179
546,E07000163,Craven,2010,55398
547,E07000164,Hambleton,2010,89096
548,E07000165,Harrogate,2010,157531
549,E07000166,Richmondshire,2010,52877
550,E07000167,Ryedale,2010,51949
551,E07000168,Scarborough,2010,109014
552,E07000169,Selby,2010,83163
553,E07000170,Ashfield,2010,118566
554,E07000171,Bassetlaw,2010,112924
555,E07000172,Broxtowe,2010,109252
556,E07000173,Gedling,2010,113066
557,E07000174,Mansfield,2010,104120
558,E07000175,Newark and Sherwood,2010,114596
559,E07000176,Rushcliffe,2010,111121
560,E07000177,Cherwell,2010,141337
561,E07000178,Oxford,2010,147907
562,E07000179,South Oxfordshire,2010,133915
563,E07000180,Vale of White Horse,2010,120823
564,E07000181,West Oxfordshire,2010,104706
565,E07000187,Mendip,2010,109006
566,E07000188,Sedgemoor,2010,113786
567,E07000189,South Somerset,2010,160871
568,E07000190,Taunton Deane,2010,109946
569,E07000191,West Somerset,2010,35000
570,E07000192,Cannock Chase,2010,96898
571,E07000193,East Staffordshire,2010,112979
572,E07000194,Lichfield,2010,100424
573,E07000195,Newcastle-under-Lyme,2010,123351
574,E07000196,South Staffordshire,2010,108050
575,E07000197,Stafford,2010,130001
576,E07000198,Staffordshire Moorlands,2010,96987
577,E07000199,Tamworth,2010,76582
578,E07000200,Babergh,2010,87467
579,E07000201,Forest Heath,2010,58602
580,E07000202,Ipswich,2010,131729
581,E07000203,Mid Suffolk,2010,96244
582,E07000204,St Edmundsbury,2010,110002
583,E07000205,Suffolk Coastal,2010,124262
584,E07000206,Waveney,2010,115670
585,E07000207,Elmbridge,2010,130937
586,E07000208,Epsom and Ewell,2010,74278
587,E07000209,Guildford,2010,135547
588,E07000210,Mole Valley,2010,85413
589,E07000211,Reigate and Banstead,2010,136741
590,E07000212,Runnymede,2010,80283
591,E07000213,Spelthorne,2010,94848
592,E07000214,Surrey Heath,2010,85843
593,E07000215,Tandridge,2010,82756
594,E07000216,Waverley,2010,120957
595,E07000217,Woking,2010,98201
596,E07000218,North Warwickshire,2010,62066
597,E07000219,Nuneaton and Bedworth,2010,124759
598,E07000220,Rugby,2010,99035
599,E07000221,Stratford-on-Avon,2010,120191
600,E07000222,Warwick,2010,138115
601,E07000223,Adur,2010,61216
602,E07000224,Arun,2010,149467
603,E07000225,Chichester,2010,113411
604,E07000226,Crawley,2010,105478
605,E07000227,Horsham,2010,130916
606,E07000228,Mid Sussex,2010,138897
607,E07000229,Worthing,2010,103769
608,E07000234,Bromsgrove,2010,93507
609,E07000235,Malvern Hills,2010,74542
610,E07000236,Redditch,2010,83570
611,E07000237,Worcester,2010,97655
612,E07000238,Wychavon,2010,116863
613,E07000239,Wyre Forest,2010,97943
614,E07000240,St Albans,2010,139511
615,E07000241,Welwyn Hatfield,2010,109630
616,E07000242,East Hertfordshire,2010,136922
617,E07000243,Stevenage,2010,83007
618,E08000001,Bolton,2010,275168
619,E08000002,Bury,2010,184755
620,E08000003,Manchester,2010,492598
621,E08000004,Oldham,2010,223807
622,E08000005,Rochdale,2010,210758
623,E08000006,Salford,2010,231837
624,E08000007,Stockport,2010,282614
625,E08000008,Tameside,2010,218774
626,E08000009,Trafford,2010,225234
627,E08000010,Wigan,2010,316296
628,E08000011,Knowsley,2010,146398
629,E08000012,Liverpool,2010,461403
630,E08000013,St Helens,2010,175203
631,E08000014,Sefton,2010,273820
632,E08000015,Wirral,2010,319078
633,E08000016,Barnsley,2010,230066
634,E08000017,Doncaster,2010,301299
635,E08000018,Rotherham,2010,256893
636,E08000019,Sheffield,2010,544613
637,E08000021,Newcastle upon Tyne,2010,276681
638,E08000022,North Tyneside,2010,200164
639,E08000023,South Tyneside,2010,148468
640,E08000024,Sunderland,2010,275980
641,E08000025,Birmingham,2010,1061074
642,E08000026,Coventry,2010,311674
643,E08000027,Dudley,2010,312206
644,E08000028,Sandwell,2010,306181
645,E08000029,Solihull,2010,206329
646,E08000030,Walsall,2010,266834
647,E08000031,Wolverhampton,2010,247640
648,E08000032,Bradford,2010,518002
649,E08000033,Calderdale,2010,203049
650,E08000034,Kirklees,2010,418339
651,E08000035,Leeds,2010,747571
652,E08000036,Wakefield,2010,325595
653,E08000037,Gateshead,2010,198731
654,E09000001,City of London,2010,7338
655,E09000002,Barking and Dagenham,2010,182838
656,E09000003,Barnet,2010,351438
657,E09000004,Bexley,2010,230711
658,E09000005,Brent,2010,304785
659,E09000006,Bromley,2010,308560
660,E09000007,Camden,2010,214725
661,E09000008,Croydon,2010,357951
662,E09000009,Ealing,2010,334073
663,E09000010,Enfield,2010,307648
664,E09000011,Greenwich,2010,249171
665,E09000012,Hackney,2010,241739
666,E09000013,Hammersmith and Fulham,2010,180842
667,E09000014,Haringey,2010,252742
668,E09000015,Harrow,2010,237451
669,E09000016,Havering,2010,236234
670,E09000017,Hillingdon,2010,269465
671,E09000018,Hounslow,2010,249236
672,E09000019,Islington,2010,200129
673,E09000020,Kensington and Chelsea,2010,160463
674,E09000021,Kingston upon Thames,2010,158648
675,E09000022,Lambeth,2010,297650
676,E09000023,Lewisham,2010,272525
677,E09000024,Merton,2010,199136
678,E09000025,Newham,2010,299171
679,E09000026,Redbridge,2010,275088
680,E09000027,Richmond upon Thames,2010,186304
681,E09000028,Southwark,2010,283777
682,E09000029,Sutton,2010,189321
683,E09000030,Tower Hamlets,2010,248520
684,E09000031,Waltham Forest,2010,254009
685,E09000032,Wandsworth,2010,302620
686,E09000033,Westminster,2010,217187
687,N09000001,Antrim and Newtownabbey,2010,138044
688,N09000002,Armagh Banbridge and Craigavon,2010,198202
689,N09000003,Belfast,2010,333489
690,N09000004,Causeway Coast and Glens,2010,140107
691,N09000005,Derry and Strabane,2010,148148
692,N09000006,Fermanagh and Omagh,2010,112919
693,N09000007,Lisburn and Castlereagh,2010,133909
694,N09000008,Mid and East Antrim,2010,135157
695,N09000009,Mid Ulster,2010,137221
696,N09000010,Newry Mourne and Down,2010,171119
697,N09000011,North Down and Ards,2010,156518
698,S12000005,Clackmannanshire,2010,51330
699,S12000006,Dumfries and Galloway,2010,151100
700,S12000008,East Ayrshire,2010,122410
701,S12000010,East Lothian,2010,99140
702,S12000011,East Renfrewshire,2010,90410
703,S12000013,Eilean Siar,2010,27600
704,S12000014,Falkirk,2010,155140
705,S12000015,Fife,2010,362610
706,S12000017,Highland,2010,230730
707,S12000018,Inverclyde,2010,81510
708,S12000019,Midlothian,2010,82360
709,S12000020,Moray,2010,93690
710,S12000021,North Ayrshire,2010,137790
711,S12000023,Orkney Islands,2010,21220
712,S12000024,Perth and Kinross,2010,145600
713,S12000026,Scottish Borders,2010,113690
714,S12000027,Shetland Islands,2010,23060
715,S12000028,South Ayrshire,2010,112600
716,S12000029,South Lanarkshire,2010,313180
717,S12000030,Stirling,2010,89550
718,S12000033,Aberdeen City,2010,219730
719,S12000034,Aberdeenshire,2010,251430
720,S12000035,Argyll and Bute,2010,88620
721,S12000036,City of Edinburgh,2010,32152
722,E06000001,Hartlepool,2011,92088
723,E06000002,Middlesbrough,2011,138368
724,E06000003,Redcar and Cleveland,2011,135164
725,E06000004,Stockton-on-Tees,2011,191824
726,E06000005,Darlington,2011,105584
727,E06000006,Halton,2011,125722
728,E06000007,Warrington,2011,202709
729,E06000008,Blackburn with Darwen,2011,147657
730,E06000009,Blackpool,2011,142080
731,E06000010,Kingston upon Hull City of,2011,256123
732,E06000011,East Riding of Yorkshire,2011,334673
733,E06000012,North East Lincolnshire,2011,159735
734,E06000013,North Lincolnshire,2011,167516
735,E06000014,York,2011,197783
736,E06000015,Derby,2011,248943
737,E06000016,Leicester,2011,329627
738,E06000017,Rutland,2011,37581
739,E06000018,Nottingham,2011,303899
740,E06000019,Herefordshire County of,2011,183619
741,E06000020,Telford and Wrekin,2011,166831
742,E06000021,Stoke-on-Trent,2011,248719
743,E06000022,Bath and North East Somerset,2011,175538
744,E06000023,Bristol City of,2011,428074
745,E06000024,North Somerset,2011,203091
746,E06000025,South Gloucestershire,2011,263417
747,E06000026,Plymouth,2011,256589
748,E06000027,Torbay,2011,131193
749,E06000028,Bournemouth,2011,183450
750,E06000029,Poole,2011,148075
751,E06000030,Swindon,2011,209709
752,E06000031,Peterborough,2011,184457
753,E06000032,Luton,2011,203641
754,E06000033,Southend-on-Sea,2011,174274
755,E06000034,Thurrock,2011,158268
756,E06000035,Medway,2011,264885
757,E06000036,Bracknell Forest,2011,113696
758,E06000037,West Berkshire,2011,154148
759,E06000038,Reading,2011,155339
760,E06000039,Slough,2011,140713
761,E06000040,Windsor and Maidenhead,2011,145098
762,E06000041,Wokingham,2011,154943
763,E06000042,Milton Keynes,2011,249895
764,E06000043,Brighton and Hove,2011,272952
765,E06000044,Portsmouth,2011,205433
766,E06000045,Southampton,2011,235870
767,E06000046,Isle of Wight,2011,138392
768,E06000047,County Durham,2011,512994
769,E06000049,Cheshire East,2011,370736
770,E06000050,Cheshire West and Chester,2011,329526
771,E06000051,Shropshire,2011,307108
772,E06000052,Cornwall,2011,533760
773,E06000053,Isles of Scilly,2011,2224
774,E06000054,Wiltshire,2011,474319
775,E06000055,Bedford,2011,157840
776,E06000056,Central Bedfordshire,2011,255644
777,E06000057,Northumberland,2011,316278
778,E07000004,Aylesbury Vale,2011,174880
779,E07000005,Chiltern,2011,92652
780,E07000006,South Bucks,2011,67060
781,E07000007,Wycombe,2011,171958
782,E07000008,Cambridge,2011,122725
783,E07000009,East Cambridgeshire,2011,84245
784,E07000010,Fenland,2011,95461
785,E07000011,Huntingdonshire,2011,170039
786,E07000012,South Cambridgeshire,2011,149842
787,E07000026,Allerdale,2011,96444
788,E07000027,Barrow-in-Furness,2011,69056
789,E07000028,Carlisle,2011,107475
790,E07000029,Copeland,2011,70627
791,E07000030,Eden,2011,52502
792,E07000031,South Lakeland,2011,103713
793,E07000032,Amber Valley,2011,122521
794,E07000033,Bolsover,2011,76029
795,E07000034,Chesterfield,2011,103788
796,E07000035,Derbyshire Dales,2011,71104
797,E07000036,Erewash,2011,112249
798,E07000037,High Peak,2011,90982
799,E07000038,North East Derbyshire,2011,99100
800,E07000039,South Derbyshire,2011,94915
801,E07000040,East Devon,2011,133272
802,E07000041,Exeter,2011,117063
803,E07000042,Mid Devon,2011,77936
804,E07000043,North Devon,2011,93976
805,E07000044,South Hams,2011,83563
806,E07000045,Teignbridge,2011,124271
807,E07000046,Torridge,2011,63973
808,E07000047,West Devon,2011,53655
809,E07000048,Christchurch,2011,47916
810,E07000049,East Dorset,2011,87301
811,E07000050,North Dorset,2011,69002
812,E07000051,Purbeck,2011,45184
813,E07000052,West Dorset,2011,99275
814,E07000053,Weymouth and Portland,2011,65135
815,E07000061,Eastbourne,2011,99308
816,E07000062,Hastings,2011,90173
817,E07000063,Lewes,2011,97584
818,E07000064,Rother,2011,90729
819,E07000065,Wealden,2011,149415
820,E07000066,Basildon,2011,174971
821,E07000067,Braintree,2011,147514
822,E07000068,Brentwood,2011,73841
823,E07000069,Castle Point,2011,87964
824,E07000070,Chelmsford,2011,168491
825,E07000071,Colchester,2011,173614
826,E07000072,Epping Forest,2011,124880
827,E07000073,Harlow,2011,82177
828,E07000074,Maldon,2011,61720
829,E07000075,Rochford,2011,83333
830,E07000076,Tendring,2011,138062
831,E07000077,Uttlesford,2011,80032
832,E07000078,Cheltenham,2011,115645
833,E07000079,Cotswold,2011,83180
834,E07000080,Forest of Dean,2011,82200
835,E07000081,Gloucester,2011,121921
836,E07000082,Stroud,2011,113074
837,E07000083,Tewkesbury,2011,82269
838,E07000084,Basingstoke and Deane,2011,168550
839,E07000085,East Hampshire,2011,116010
840,E07000086,Eastleigh,2011,125852
841,E07000087,Fareham,2011,111931
842,E07000088,Gosport,2011,82669
843,E07000089,Hart,2011,91662
844,E07000090,Havant,2011,120783
845,E07000091,New Forest,2011,176789
846,E07000092,Rushmoor,2011,94354
847,E07000093,Test Valley,2011,116698
848,E07000094,Winchester,2011,116820
849,E07000095,Broxbourne,2011,93702
850,E07000096,Dacorum,2011,145298
851,E07000098,Hertsmere,2011,100379
852,E07000099,North Hertfordshire,2011,127494
853,E07000102,Three Rivers,2011,87921
854,E07000103,Watford,2011,90653
855,E07000105,Ashford,2011,118405
856,E07000106,Canterbury,2011,150600
857,E07000107,Dartford,2011,97604
858,E07000108,Dover,2011,111718
859,E07000109,Gravesham,2011,101766
860,E07000110,Maidstone,2011,155764
861,E07000111,Sevenoaks,2011,115351
862,E07000112,Shepway,2011,108199
863,E07000113,Swale,2011,136324
864,E07000114,Thanet,2011,134402
865,E07000115,Tonbridge and Malling,2011,121087
866,E07000116,Tunbridge Wells,2011,115246
867,E07000117,Burnley,2011,87032
868,E07000118,Chorley,2011,107591
869,E07000119,Fylde,2011,76098
870,E07000120,Hyndburn,2011,80549
871,E07000121,Lancaster,2011,137823
872,E07000122,Pendle,2011,89576
873,E07000123,Preston,2011,140054
874,E07000124,Ribble Valley,2011,57292
875,E07000125,Rossendale,2011,68053
876,E07000126,South Ribble,2011,109181
877,E07000127,West Lancashire,2011,110617
878,E07000128,Wyre,2011,107692
879,E07000129,Blaby,2011,94132
880,E07000130,Charnwood,2011,165876
881,E07000131,Harborough,2011,85699
882,E07000132,Hinckley and Bosworth,2011,105328
883,E07000133,Melton,2011,50495
884,E07000134,North West Leicestershire,2011,93670
885,E07000135,Oadby and Wigston,2011,55979
886,E07000136,Boston,2011,64615
887,E07000137,East Lindsey,2011,136683
888,E07000138,Lincoln,2011,93085
889,E07000139,North Kesteven,2011,108518
890,E07000140,South Holland,2011,88390
891,E07000141,South Kesteven,2011,134125
892,E07000142,West Lindsey,2011,89352
893,E07000143,Breckland,2011,131009
894,E07000144,Broadland,2011,124740
895,E07000145,Great Yarmouth,2011,97424
896,E07000146,King's Lynn and West Norfolk,2011,147936
897,E07000147,North Norfolk,2011,101664
898,E07000148,Norwich,2011,132158
899,E07000149,South Norfolk,2011,124495
900,E07000150,Corby,2011,61607
901,E07000151,Daventry,2011,78070
902,E07000152,East Northamptonshire,2011,86869
903,E07000153,Kettering,2011,93846
904,E07000154,Northampton,2011,212492
905,E07000155,South Northamptonshire,2011,85446
906,E07000156,Wellingborough,2011,75637
907,E07000163,Craven,2011,55459
908,E07000164,Hambleton,2011,89602
909,E07000165,Harrogate,2011,158683
910,E07000166,Richmondshire,2011,53287
911,E07000167,Ryedale,2011,51893
912,E07000168,Scarborough,2011,108735
913,E07000169,Selby,2011,83547
914,E07000170,Ashfield,2011,119522
915,E07000171,Bassetlaw,2011,113003
916,E07000172,Broxtowe,2011,109749
917,E07000173,Gedling,2011,113741
918,E07000174,Mansfield,2011,104551
919,E07000175,Newark and Sherwood,2011,114982
920,E07000176,Rushcliffe,2011,111248
921,E07000177,Cherwell,2011,142252
922,E07000178,Oxford,2011,150245
923,E07000179,South Oxfordshire,2011,134961
924,E07000180,Vale of White Horse,2011,121891
925,E07000181,West Oxfordshire,2011,105442
926,E07000187,Mendip,2011,109406
927,E07000188,Sedgemoor,2011,114919
928,E07000189,South Somerset,2011,162113
929,E07000190,Taunton Deane,2011,110555
930,E07000191,West Somerset,2011,34588
931,E07000192,Cannock Chase,2011,97582
932,E07000193,East Staffordshire,2011,113858
933,E07000194,Lichfield,2011,100911
934,E07000195,Newcastle-under-Lyme,2011,123878
935,E07000196,South Staffordshire,2011,108318
936,E07000197,Stafford,2011,130895
937,E07000198,Staffordshire Moorlands,2011,97209
938,E07000199,Tamworth,2011,76895
939,E07000200,Babergh,2011,87901
940,E07000201,Forest Heath,2011,60038
941,E07000202,Ipswich,2011,133729
942,E07000203,Mid Suffolk,2011,97076
943,E07000204,St Edmundsbury,2011,111443
944,E07000205,Suffolk Coastal,2011,124590
945,E07000206,Waveney,2011,115356
946,E07000207,Elmbridge,2011,131428
947,E07000208,Epsom and Ewell,2011,75191
948,E07000209,Guildford,2011,137580
949,E07000210,Mole Valley,2011,85637
950,E07000211,Reigate and Banstead,2011,138375
951,E07000212,Runnymede,2011,80501
952,E07000213,Spelthorne,2011,95852
953,E07000214,Surrey Heath,2011,86378
954,E07000215,Tandridge,2011,83178
955,E07000216,Waverley,2011,121754
956,E07000217,Woking,2011,99493
957,E07000218,North Warwickshire,2011,62089
958,E07000219,Nuneaton and Bedworth,2011,125409
959,E07000220,Rugby,2011,100496
960,E07000221,Stratford-on-Avon,2011,120824
961,E07000222,Warwick,2011,137736
962,E07000223,Adur,2011,61334
963,E07000224,Arun,2011,149811
964,E07000225,Chichester,2011,113995
965,E07000226,Crawley,2011,107053
966,E07000227,Horsham,2011,131540
967,E07000228,Mid Sussex,2011,140188
968,E07000229,Worthing,2011,104998
969,E07000234,Bromsgrove,2011,93732
970,E07000235,Malvern Hills,2011,74706
971,E07000236,Redditch,2011,84318
972,E07000237,Worcester,2011,98679
973,E07000238,Wychavon,2011,117074
974,E07000239,Wyre Forest,2011,98048
975,E07000240,St Albans,2011,141248
976,E07000241,Welwyn Hatfield,2011,110727
977,E07000242,East Hertfordshire,2011,138155
978,E07000243,Stevenage,2011,84247
979,E08000001,Bolton,2011,277296
980,E08000002,Bury,2011,185422
981,E08000003,Manchester,2011,502902
982,E08000004,Oldham,2011,225157
983,E08000005,Rochdale,2011,211929
984,E08000006,Salford,2011,234487
985,E08000007,Stockport,2011,283253
986,E08000008,Tameside,2011,219727
987,E08000009,Trafford,2011,227091
988,E08000010,Wigan,2011,318122
989,E08000011,Knowsley,2011,145903
990,E08000012,Liverpool,2011,465656
991,E08000013,St Helens,2011,175405
992,E08000014,Sefton,2011,273969
993,E08000015,Wirral,2011,319837
994,E08000016,Barnsley,2011,231865
995,E08000017,Doncaster,2011,302468
996,E08000018,Rotherham,2011,257716
997,E08000019,Sheffield,2011,551756
998,E08000021,Newcastle upon Tyne,2011,279092
999,E08000022,North Tyneside,2011,201206
1000,E08000023,South Tyneside,2011,148164
1001,E08000024,Sunderland,2011,275330
1002,E08000025,Birmingham,2011,1074283
1003,E08000026,Coventry,2011,316915
1004,E08000027,Dudley,2011,313261
1005,E08000028,Sandwell,2011,309042
1006,E08000029,Solihull,2011,206856
1007,E08000030,Walsall,2011,269524
1008,E08000031,Wolverhampton,2011,249852
1009,E08000032,Bradford,2011,523115
1010,E08000033,Calderdale,2011,204170
1011,E08000034,Kirklees,2011,422970
1012,E08000035,Leeds,2011,750683
1013,E08000036,Wakefield,2011,326433
1014,E08000037,Gateshead,2011,200349
1015,E09000001,City of London,2011,7412
1016,E09000002,Barking and Dagenham,2011,187029
1017,E09000003,Barnet,2011,357538
1018,E09000004,Bexley,2011,232774
1019,E09000005,Brent,2011,312245
1020,E09000006,Bromley,2011,310554
1021,E09000007,Camden,2011,220087
1022,E09000008,Croydon,2011,364815
1023,E09000009,Ealing,2011,339314
1024,E09000010,Enfield,2011,313935
1025,E09000011,Greenwich,2011,255483
1026,E09000012,Hackney,2011,247182
1027,E09000013,Hammersmith and Fulham,2011,182445
1028,E09000014,Haringey,2011,255540
1029,E09000015,Harrow,2011,240499
1030,E09000016,Havering,2011,237927
1031,E09000017,Hillingdon,2011,275499
1032,E09000018,Hounslow,2011,254927
1033,E09000019,Islington,2011,206285
1034,E09000020,Kensington and Chelsea,2011,158251
1035,E09000021,Kingston upon Thames,2011,160436
1036,E09000022,Lambeth,2011,304481
1037,E09000023,Lewisham,2011,276938
1038,E09000024,Merton,2011,200543
1039,E09000025,Newham,2011,310460
1040,E09000026,Redbridge,2011,281395
1041,E09000027,Richmond upon Thames,2011,187527
1042,E09000028,Southwark,2011,288717
1043,E09000029,Sutton,2011,191123
1044,E09000030,Tower Hamlets,2011,256012
1045,E09000031,Waltham Forest,2011,259742
1046,E09000032,Wandsworth,2011,307710
1047,E09000033,Westminster,2011,219582
1048,N09000001,Antrim and Newtownabbey,2011,138651
1049,N09000002,Armagh Banbridge and Craigavon,2011,200298
1050,N09000003,Belfast,2011,333895
1051,N09000004,Causeway Coast and Glens,2011,140907
1052,N09000005,Derry and Strabane,2011,148191
1053,N09000006,Fermanagh and Omagh,2011,113501
1054,N09000007,Lisburn and Castlereagh,2011,135280
1055,N09000008,Mid and East Antrim,2011,135365
1056,N09000009,Mid Ulster,2011,139011
1057,N09000010,Newry Mourne and Down,2011,172276
1058,N09000011,North Down and Ards,2011,156943
1059,S12000005,Clackmannanshire,2011,51500
1060,S12000006,Dumfries and Galloway,2011,151410
1061,S12000008,East Ayrshire,2011,122690
1062,S12000010,East Lothian,2011,99920
1063,S12000011,East Renfrewshire,2011,90810
1064,S12000013,Eilean Siar,2011,27690
1065,S12000014,Falkirk,2011,156250
1066,S12000015,Fife,2011,365300
1067,S12000017,Highland,2011,232730
1068,S12000018,Inverclyde,2011,81220
1069,S12000019,Midlothian,2011,83450
1070,S12000020,Moray,2011,93470
1071,S12000021,North Ayrshire,2011,138090
1072,S12000023,Orkney Islands,2011,21420
1073,S12000024,Perth and Kinross,2011,146850
1074,S12000026,Scottish Borders,2011,113880
1075,S12000027,Shetland Islands,2011,23240
1076,S12000028,South Ayrshire,2011,112980
1077,S12000029,South Lanarkshire,2011,313900
1078,S12000030,Stirling,2011,90330
1079,S12000033,Aberdeen City,2011,222460
1080,S12000034,Aberdeenshire,2011,253650
1081,S12000035,Argyll and Bute,2011,88930
1082,S12000036,City of Edinburgh,2011,32613
1083,E06000001,Hartlepool,2012,92238
1084,E06000002,Middlesbrough,2012,138744
1085,E06000003,Redcar and Cleveland,2012,134998
1086,E06000004,Stockton-on-Tees,2012,192406
1087,E06000005,Darlington,2012,105248
1088,E06000006,Halton,2012,125692
1089,E06000007,Warrington,2012,203652
1090,E06000008,Blackburn with Darwen,2012,147713
1091,E06000009,Blackpool,2012,141976
1092,E06000010,Kingston upon Hull City of,2012,257204
1093,E06000011,East Riding of Yorkshire,2012,335887
1094,E06000012,North East Lincolnshire,2012,159727
1095,E06000013,North Lincolnshire,2012,168372
1096,E06000014,York,2012,200018
1097,E06000015,Derby,2012,250568
1098,E06000016,Leicester,2012,331606
1099,E06000017,Rutland,2012,37015
1100,E06000018,Nottingham,2012,308735
1101,E06000019,Herefordshire County of,2012,184932
1102,E06000020,Telford and Wrekin,2012,167682
1103,E06000021,Stoke-on-Trent,2012,249903
1104,E06000022,Bath and North East Somerset,2012,177643
1105,E06000023,Bristol City of,2012,432451
1106,E06000024,North Somerset,2012,204385
1107,E06000025,South Gloucestershire,2012,266147
1108,E06000026,Plymouth,2012,258026
1109,E06000027,Torbay,2012,131492
1110,E06000028,Bournemouth,2012,186744
1111,E06000029,Poole,2012,148615
1112,E06000030,Swindon,2012,211934
1113,E06000031,Peterborough,2012,186372
1114,E06000032,Luton,2012,205843
1115,E06000033,Southend-on-Sea,2012,174838
1116,E06000034,Thurrock,2012,159533
1117,E06000035,Medway,2012,268218
1118,E06000036,Bracknell Forest,2012,115058
1119,E06000037,West Berkshire,2012,154486
1120,E06000038,Reading,2012,157112
1121,E06000039,Slough,2012,141838
1122,E06000040,Windsor and Maidenhead,2012,145822
1123,E06000041,Wokingham,2012,156663
1124,E06000042,Milton Keynes,2012,252358
1125,E06000043,Brighton and Hove,2012,275762
1126,E06000044,Portsmouth,2012,206836
1127,E06000045,Southampton,2012,239428
1128,E06000046,Isle of Wight,2012,138748
1129,E06000047,County Durham,2012,514348
1130,E06000049,Cheshire East,2012,372146
1131,E06000050,Cheshire West and Chester,2012,330200
1132,E06000051,Shropshire,2012,308207
1133,E06000052,Cornwall,2012,537914
1134,E06000053,Isles of Scilly,2012,2264
1135,E06000054,Wiltshire,2012,476816
1136,E06000055,Bedford,2012,159207
1137,E06000056,Central Bedfordshire,2012,259969
1138,E06000057,Northumberland,2012,316116
1139,E07000004,Aylesbury Vale,2012,177793
1140,E07000005,Chiltern,2012,92954
1141,E07000006,South Bucks,2012,67435
1142,E07000007,Wycombe,2012,173306
1143,E07000008,Cambridge,2012,125155
1144,E07000009,East Cambridgeshire,2012,85097
1145,E07000010,Fenland,2012,95996
1146,E07000011,Huntingdonshire,2012,171023
1147,E07000012,South Cambridgeshire,2012,151068
1148,E07000026,Allerdale,2012,96268
1149,E07000027,Barrow-in-Furness,2012,68446
1150,E07000028,Carlisle,2012,107952
1151,E07000029,Copeland,2012,70329
1152,E07000030,Eden,2012,52656
1153,E07000031,South Lakeland,2012,103453
1154,E07000032,Amber Valley,2012,122746
1155,E07000033,Bolsover,2012,76447
1156,E07000034,Chesterfield,2012,103782
1157,E07000035,Derbyshire Dales,2012,71336
1158,E07000036,Erewash,2012,112809
1159,E07000037,High Peak,2012,91118
1160,E07000038,North East Derbyshire,2012,99325
1161,E07000039,South Derbyshire,2012,95959
1162,E07000040,East Devon,2012,134359
1163,E07000041,Exeter,2012,119397
1164,E07000042,Mid Devon,2012,78335
1165,E07000043,North Devon,2012,93847
1166,E07000044,South Hams,2012,83597
1167,E07000045,Teignbridge,2012,125020
1168,E07000046,Torridge,2012,64743
1169,E07000047,West Devon,2012,53859
1170,E07000048,Christchurch,2012,47987
1171,E07000049,East Dorset,2012,87755
1172,E07000050,North Dorset,2012,69348
1173,E07000051,Purbeck,2012,45289
1174,E07000052,West Dorset,2012,99532
1175,E07000053,Weymouth and Portland,2012,65029
1176,E07000061,Eastbourne,2012,100049
1177,E07000062,Hastings,2012,90345
1178,E07000063,Lewes,2012,98690
1179,E07000064,Rother,2012,91088
1180,E07000065,Wealden,2012,151029
1181,E07000066,Basildon,2012,176474
1182,E07000067,Braintree,2012,148384
1183,E07000068,Brentwood,2012,74020
1184,E07000069,Castle Point,2012,88218
1185,E07000070,Chelmsford,2012,169335
1186,E07000071,Colchester,2012,176008
1187,E07000072,Epping Forest,2012,126080
1188,E07000073,Harlow,2012,82676
1189,E07000074,Maldon,2012,61918
1190,E07000075,Rochford,2012,83869
1191,E07000076,Tendring,2012,138285
1192,E07000077,Uttlesford,2012,81250
1193,E07000078,Cheltenham,2012,116080
1194,E07000079,Cotswold,2012,83562
1195,E07000080,Forest of Dean,2012,82731
1196,E07000081,Gloucester,2012,123439
1197,E07000082,Stroud,2012,113363
1198,E07000083,Tewkesbury,2012,82984
1199,E07000084,Basingstoke and Deane,2012,170492
1200,E07000085,East Hampshire,2012,116400
1201,E07000086,Eastleigh,2012,126764
1202,E07000087,Fareham,2012,112802
1203,E07000088,Gosport,2012,83276
1204,E07000089,Hart,2012,92162
1205,E07000090,Havant,2012,121271
1206,E07000091,New Forest,2012,177382
1207,E07000092,Rushmoor,2012,94870
1208,E07000093,Test Valley,2012,117032
1209,E07000094,Winchester,2012,117702
1210,E07000095,Broxbourne,2012,94497
1211,E07000096,Dacorum,2012,146727
1212,E07000098,Hertsmere,2012,100710
1213,E07000099,North Hertfordshire,2012,128428
1214,E07000102,Three Rivers,2012,88801
1215,E07000103,Watford,2012,91732
1216,E07000105,Ashford,2012,120116
1217,E07000106,Canterbury,2012,153399
1218,E07000107,Dartford,2012,98940
1219,E07000108,Dover,2012,111765
1220,E07000109,Gravesham,2012,102764
1221,E07000110,Maidstone,2012,157297
1222,E07000111,Sevenoaks,2012,116400
1223,E07000112,Shepway,2012,108700
1224,E07000113,Swale,2012,137670
1225,E07000114,Thanet,2012,135661
1226,E07000115,Tonbridge and Malling,2012,121912
1227,E07000116,Tunbridge Wells,2012,115542
1228,E07000117,Burnley,2012,87127
1229,E07000118,Chorley,2012,109077
1230,E07000119,Fylde,2012,76020
1231,E07000120,Hyndburn,2012,80190
1232,E07000121,Lancaster,2012,139665
1233,E07000122,Pendle,2012,89613
1234,E07000123,Preston,2012,140540
1235,E07000124,Ribble Valley,2012,57596
1236,E07000125,Rossendale,2012,68366
1237,E07000126,South Ribble,2012,108971
1238,E07000127,West Lancashire,2012,110925
1239,E07000128,Wyre,2012,107889
1240,E07000129,Blaby,2012,94593
1241,E07000130,Charnwood,2012,168779
1242,E07000131,Harborough,2012,86389
1243,E07000132,Hinckley and Bosworth,2012,106046
1244,E07000133,Melton,2012,50770
1245,E07000134,North West Leicestershire,2012,94018
1246,E07000135,Oadby and Wigston,2012,56103
1247,E07000136,Boston,2012,64793
1248,E07000137,East Lindsey,2012,136596
1249,E07000138,Lincoln,2012,94588
1250,E07000139,North Kesteven,2012,109263
1251,E07000140,South Holland,2012,88518
1252,E07000141,South Kesteven,2012,135033
1253,E07000142,West Lindsey,2012,90047
1254,E07000143,Breckland,2012,131857
1255,E07000144,Broadland,2012,125215
1256,E07000145,Great Yarmouth,2012,97570
1257,E07000146,King's Lynn and West Norfolk,2012,148628
1258,E07000147,North Norfolk,2012,101790
1259,E07000148,Norwich,2012,134264
1260,E07000149,South Norfolk,2012,125978
1261,E07000150,Corby,2012,63073
1262,E07000151,Daventry,2012,78281
1263,E07000152,East Northamptonshire,2012,87365
1264,E07000153,Kettering,2012,94841
1265,E07000154,Northampton,2012,214566
1266,E07000155,South Northamptonshire,2012,86350
1267,E07000156,Wellingborough,2012,76100
1268,E07000163,Craven,2012,55457
1269,E07000164,Hambleton,2012,89748
1270,E07000165,Harrogate,2012,158610
1271,E07000166,Richmondshire,2012,53935
1272,E07000167,Ryedale,2012,52102
1273,E07000168,Scarborough,2012,108632
1274,E07000169,Selby,2012,84144
1275,E07000170,Ashfield,2012,120131
1276,E07000171,Bassetlaw,2012,113178
1277,E07000172,Broxtowe,2012,110716
1278,E07000173,Gedling,2012,114052
1279,E07000174,Mansfield,2012,104737
1280,E07000175,Newark and Sherwood,2012,115761
1281,E07000176,Rushcliffe,2012,111598
1282,E07000177,Cherwell,2012,142822
1283,E07000178,Oxford,2012,152527
1284,E07000179,South Oxfordshire,2012,135541
1285,E07000180,Vale of White Horse,2012,122764
1286,E07000181,West Oxfordshire,2012,107118
1287,E07000187,Mendip,2012,109938
1288,E07000188,Sedgemoor,2012,116071
1289,E07000189,South Somerset,2012,163012
1290,E07000190,Taunton Deane,2012,111370
1291,E07000191,West Somerset,2012,34559
1292,E07000192,Cannock Chase,2012,97940
1293,E07000193,East Staffordshire,2012,114388
1294,E07000194,Lichfield,2012,101186
1295,E07000195,Newcastle-under-Lyme,2012,124183
1296,E07000196,South Staffordshire,2012,108441
1297,E07000197,Stafford,2012,131630
1298,E07000198,Staffordshire Moorlands,2012,97237
1299,E07000199,Tamworth,2012,77118
1300,E07000200,Babergh,2012,87917
1301,E07000201,Forest Heath,2012,60735
1302,E07000202,Ipswich,2012,134466
1303,E07000203,Mid Suffolk,2012,97611
1304,E07000204,St Edmundsbury,2012,111610
1305,E07000205,Suffolk Coastal,2012,124323
1306,E07000206,Waveney,2012,115670
1307,E07000207,Elmbridge,2012,131512
1308,E07000208,Epsom and Ewell,2012,76052
1309,E07000209,Guildford,2012,139710
1310,E07000210,Mole Valley,2012,85846
1311,E07000211,Reigate and Banstead,2012,139888
1312,E07000212,Runnymede,2012,82189
1313,E07000213,Spelthorne,2012,96744
1314,E07000214,Surrey Heath,2012,86614
1315,E07000215,Tandridge,2012,83693
1316,E07000216,Waverley,2012,121884
1317,E07000217,Woking,2012,99377
1318,E07000218,North Warwickshire,2012,62200
1319,E07000219,Nuneaton and Bedworth,2012,125805
1320,E07000220,Rugby,2012,100751
1321,E07000221,Stratford-on-Avon,2012,120578
1322,E07000222,Warwick,2012,138640
1323,E07000223,Adur,2012,61929
1324,E07000224,Arun,2012,151384
1325,E07000225,Chichester,2012,114521
1326,E07000226,Crawley,2012,108302
1327,E07000227,Horsham,2012,132160
1328,E07000228,Mid Sussex,2012,141162
1329,E07000229,Worthing,2012,105661
1330,E07000234,Bromsgrove,2012,94285
1331,E07000235,Malvern Hills,2012,74980
1332,E07000236,Redditch,2012,84419
1333,E07000237,Worcester,2012,99604
1334,E07000238,Wychavon,2012,117670
1335,E07000239,Wyre Forest,2012,98074
1336,E07000240,St Albans,2012,141899
1337,E07000241,Welwyn Hatfield,2012,112046
1338,E07000242,East Hertfordshire,2012,139458
1339,E07000243,Stevenage,2012,84798
1340,E08000001,Bolton,2012,278984
1341,E08000002,Bury,2012,186199
1342,E08000003,Manchester,2012,510772
1343,E08000004,Oldham,2012,225875
1344,E08000005,Rochdale,2012,212020
1345,E08000006,Salford,2012,237085
1346,E08000007,Stockport,2012,283897
1347,E08000008,Tameside,2012,220241
1348,E08000009,Trafford,2012,228466
1349,E08000010,Wigan,2012,318670
1350,E08000011,Knowsley,2012,145936
1351,E08000012,Liverpool,2012,469690
1352,E08000013,St Helens,2012,176114
1353,E08000014,Sefton,2012,273697
1354,E08000015,Wirral,2012,320229
1355,E08000016,Barnsley,2012,233671
1356,E08000017,Doncaster,2012,302739
1357,E08000018,Rotherham,2012,258352
1358,E08000019,Sheffield,2012,557382
1359,E08000021,Newcastle upon Tyne,2012,282442
1360,E08000022,North Tyneside,2012,201446
1361,E08000023,South Tyneside,2012,148428
1362,E08000024,Sunderland,2012,275743
1363,E08000025,Birmingham,2012,1085417
1364,E08000026,Coventry,2012,323132
1365,E08000027,Dudley,2012,313589
1366,E08000028,Sandwell,2012,311304
1367,E08000029,Solihull,2012,207380
1368,E08000030,Walsall,2012,270924
1369,E08000031,Wolverhampton,2012,250970
1370,E08000032,Bradford,2012,524619
1371,E08000033,Calderdale,2012,205293
1372,E08000034,Kirklees,2012,425517
1373,E08000035,Leeds,2012,757655
1374,E08000036,Wakefield,2012,327627
1375,E08000037,Gateshead,2012,200153
1376,E09000001,City of London,2012,7604
1377,E09000002,Barking and Dagenham,2012,190560
1378,E09000003,Barnet,2012,363956
1379,E09000004,Bexley,2012,234271
1380,E09000005,Brent,2012,314660
1381,E09000006,Bromley,2012,314036
1382,E09000007,Camden,2012,224962
1383,E09000008,Croydon,2012,368886
1384,E09000009,Ealing,2012,340671
1385,E09000010,Enfield,2012,317287
1386,E09000011,Greenwich,2012,260068
1387,E09000012,Hackney,2012,252119
1388,E09000013,Hammersmith and Fulham,2012,179850
1389,E09000014,Haringey,2012,258912
1390,E09000015,Harrow,2012,242377
1391,E09000016,Havering,2012,239733
1392,E09000017,Hillingdon,2012,281756
1393,E09000018,Hounslow,2012,259052
1394,E09000019,Islington,2012,211047
1395,E09000020,Kensington and Chelsea,2012,155930
1396,E09000021,Kingston upon Thames,2012,163906
1397,E09000022,Lambeth,2012,310200
1398,E09000023,Lewisham,2012,281556
1399,E09000024,Merton,2012,202225
1400,E09000025,Newham,2012,314084
1401,E09000026,Redbridge,2012,284617
1402,E09000027,Richmond upon Thames,2012,189145
1403,E09000028,Southwark,2012,293530
1404,E09000029,Sutton,2012,193630
1405,E09000030,Tower Hamlets,2012,263003
1406,E09000031,Waltham Forest,2012,262566
1407,E09000032,Wandsworth,2012,308312
1408,E09000033,Westminster,2012,223858
1409,N09000001,Antrim and Newtownabbey,2012,139157
1410,N09000002,Armagh Banbridge and Craigavon,2012,202398
1411,N09000003,Belfast,2012,333962
1412,N09000004,Causeway Coast and Glens,2012,141434
1413,N09000005,Derry and Strabane,2012,148619
1414,N09000006,Fermanagh and Omagh,2012,114230
1415,N09000007,Lisburn and Castlereagh,2012,136311
1416,N09000008,Mid and East Antrim,2012,135838
1417,N09000009,Mid Ulster,2012,140357
1418,N09000010,Newry Mourne and Down,2012,173691
1419,N09000011,North Down and Ards,2012,157637
1420,S12000005,Clackmannanshire,2012,51280
1421,S12000006,Dumfries and Galloway,2012,150840
1422,S12000008,East Ayrshire,2012,122730
1423,S12000010,East Lothian,2012,100860
1424,S12000011,East Renfrewshire,2012,91040
1425,S12000013,Eilean Siar,2012,27560
1426,S12000014,Falkirk,2012,156800
1427,S12000015,Fife,2012,366210
1428,S12000017,Highland,2012,232890
1429,S12000018,Inverclyde,2012,80690
1430,S12000019,Midlothian,2012,84240
1431,S12000020,Moray,2012,92930
1432,S12000021,North Ayrshire,2012,137570
1433,S12000023,Orkney Islands,2012,21530
1434,S12000024,Perth and Kinross,2012,147740
1435,S12000026,Scottish Borders,2012,113720
1436,S12000027,Shetland Islands,2012,23210
1437,S12000028,South Ayrshire,2012,112920
1438,S12000029,South Lanarkshire,2012,314330
1439,S12000030,Stirling,2012,91010
1440,S12000033,Aberdeen City,2012,224910
1441,S12000034,Aberdeenshire,2012,255560
1442,S12000035,Argyll and Bute,2012,86910
1443,S12000036,City of Edinburgh,2012,33126
1444,E06000001,Hartlepool,2013,92665
1445,E06000002,Middlesbrough,2013,138939
1446,E06000003,Redcar and Cleveland,2013,134945
1447,E06000004,Stockton-on-Tees,2013,193196
1448,E06000005,Darlington,2013,105396
1449,E06000006,Halton,2013,125970
1450,E06000007,Warrington,2013,205109
1451,E06000008,Blackburn with Darwen,2013,147369
1452,E06000009,Blackpool,2013,141400
1453,E06000010,Kingston upon Hull City of,2013,257589
1454,E06000011,East Riding of Yorkshire,2013,336007
1455,E06000012,North East Lincolnshire,2013,159827
1456,E06000013,North Lincolnshire,2013,168760
1457,E06000014,York,2013,202435
1458,E06000015,Derby,2013,251423
1459,E06000016,Leicester,2013,333812
1460,E06000017,Rutland,2013,37606
1461,E06000018,Nottingham,2013,310837
1462,E06000019,Herefordshire County of,2013,186087
1463,E06000020,Telford and Wrekin,2013,168452
1464,E06000021,Stoke-on-Trent,2013,250227
1465,E06000022,Bath and North East Somerset,2013,180097
1466,E06000023,Bristol City of,2013,437492
1467,E06000024,North Somerset,2013,206135
1468,E06000025,South Gloucestershire,2013,269107
1469,E06000026,Plymouth,2013,259175
1470,E06000027,Torbay,2013,132075
1471,E06000028,Bournemouth,2013,188733
1472,E06000029,Poole,2013,149009
1473,E06000030,Swindon,2013,214038
1474,E06000031,Peterborough,2013,188399
1475,E06000032,Luton,2013,207989
1476,E06000033,Southend-on-Sea,2013,175798
1477,E06000034,Thurrock,2013,160849
1478,E06000035,Medway,2013,271105
1479,E06000036,Bracknell Forest,2013,116567
1480,E06000037,West Berkshire,2013,155394
1481,E06000038,Reading,2013,159247
1482,E06000039,Slough,2013,143024
1483,E06000040,Windsor and Maidenhead,2013,146335
1484,E06000041,Wokingham,2013,157866
1485,E06000042,Milton Keynes,2013,255702
1486,E06000043,Brighton and Hove,2013,278112
1487,E06000044,Portsmouth,2013,207460
1488,E06000045,Southampton,2013,242141
1489,E06000046,Isle of Wight,2013,138393
1490,E06000047,County Durham,2013,515957
1491,E06000049,Cheshire East,2013,372707
1492,E06000050,Cheshire West and Chester,2013,331026
1493,E06000051,Shropshire,2013,308567
1494,E06000052,Cornwall,2013,541319
1495,E06000053,Isles of Scilly,2013,2251
1496,E06000054,Wiltshire,2013,479634
1497,E06000055,Bedford,2013,161383
1498,E06000056,Central Bedfordshire,2013,264528
1499,E06000057,Northumberland,2013,315806
1500,E07000004,Aylesbury Vale,2013,181084
1501,E07000005,Chiltern,2013,93250
1502,E07000006,South Bucks,2013,67941
1503,E07000007,Wycombe,2013,173834
1504,E07000008,Cambridge,2013,126663
1505,E07000009,East Cambridgeshire,2013,85899
1506,E07000010,Fenland,2013,96738
1507,E07000011,Huntingdonshire,2013,171989
1508,E07000012,South Cambridgeshire,2013,151467
1509,E07000026,Allerdale,2013,96208
1510,E07000027,Barrow-in-Furness,2013,67831
1511,E07000028,Carlisle,2013,107949
1512,E07000029,Copeland,2013,70019
1513,E07000030,Eden,2013,52607
1514,E07000031,South Lakeland,2013,103456
1515,E07000032,Amber Valley,2013,123498
1516,E07000033,Bolsover,2013,76729
1517,E07000034,Chesterfield,2013,104030
1518,E07000035,Derbyshire Dales,2013,71266
1519,E07000036,Erewash,2013,113170
1520,E07000037,High Peak,2013,91111
1521,E07000038,North East Derbyshire,2013,99281
1522,E07000039,South Derbyshire,2013,97075
1523,E07000040,East Devon,2013,134898
1524,E07000041,Exeter,2013,121800
1525,E07000042,Mid Devon,2013,78670
1526,E07000043,North Devon,2013,93825
1527,E07000044,South Hams,2013,83850
1528,E07000045,Teignbridge,2013,126001
1529,E07000046,Torridge,2013,65089
1530,E07000047,West Devon,2013,53919
1531,E07000048,Christchurch,2013,48368
1532,E07000049,East Dorset,2013,87899
1533,E07000050,North Dorset,2013,69883
1534,E07000051,Purbeck,2013,45411
1535,E07000052,West Dorset,2013,100026
1536,E07000053,Weymouth and Portland,2013,65134
1537,E07000061,Eastbourne,2013,100537
1538,E07000062,Hastings,2013,90754
1539,E07000063,Lewes,2013,99479
1540,E07000064,Rother,2013,91054
1541,E07000065,Wealden,2013,152578
1542,E07000066,Basildon,2013,178362
1543,E07000067,Braintree,2013,149108
1544,E07000068,Brentwood,2013,74460
1545,E07000069,Castle Point,2013,88570
1546,E07000070,Chelmsford,2013,170256
1547,E07000071,Colchester,2013,177626
1548,E07000072,Epping Forest,2013,127170
1549,E07000073,Harlow,2013,83372
1550,E07000074,Maldon,2013,62166
1551,E07000075,Rochford,2013,83911
1552,E07000076,Tendring,2013,138721
1553,E07000077,Uttlesford,2013,82683
1554,E07000078,Cheltenham,2013,115900
1555,E07000079,Cotswold,2013,84079
1556,E07000080,Forest of Dean,2013,82937
1557,E07000081,Gloucester,2013,124562
1558,E07000082,Stroud,2013,113920
1559,E07000083,Tewkesbury,2013,84256
1560,E07000084,Basingstoke and Deane,2013,171852
1561,E07000085,East Hampshire,2013,117088
1562,E07000086,Eastleigh,2013,127722
1563,E07000087,Fareham,2013,113614
1564,E07000088,Gosport,2013,83503
1565,E07000089,Hart,2013,92720
1566,E07000090,Havant,2013,121562
1567,E07000091,New Forest,2013,178062
1568,E07000092,Rushmoor,2013,94971
1569,E07000093,Test Valley,2013,118372
1570,E07000094,Winchester,2013,118264
1571,E07000095,Broxbourne,2013,94985
1572,E07000096,Dacorum,2013,148196
1573,E07000098,Hertsmere,2013,101272
1574,E07000099,North Hertfordshire,2013,129318
1575,E07000102,Three Rivers,2013,89491
1576,E07000103,Watford,2013,93736
1577,E07000105,Ashford,2013,121723
1578,E07000106,Canterbury,2013,155307
1579,E07000107,Dartford,2013,100569
1580,E07000108,Dover,2013,112338
1581,E07000109,Gravesham,2013,103752
1582,E07000110,Maidstone,2013,159325
1583,E07000111,Sevenoaks,2013,117035
1584,E07000112,Shepway,2013,108832
1585,E07000113,Swale,2013,139171
1586,E07000114,Thanet,2013,136766
1587,E07000115,Tonbridge and Malling,2013,123001
1588,E07000116,Tunbridge Wells,2013,115693
1589,E07000117,Burnley,2013,86894
1590,E07000118,Chorley,2013,110505
1591,E07000119,Fylde,2013,76442
1592,E07000120,Hyndburn,2013,80046
1593,E07000121,Lancaster,2013,140575
1594,E07000122,Pendle,2013,90131
1595,E07000123,Preston,2013,140419
1596,E07000124,Ribble Valley,2013,57858
1597,E07000125,Rossendale,2013,68744
1598,E07000126,South Ribble,2013,108913
1599,E07000127,West Lancashire,2013,111314
1600,E07000128,Wyre,2013,108236
1601,E07000129,Blaby,2013,95092
1602,E07000130,Charnwood,2013,170645
1603,E07000131,Harborough,2013,87450
1604,E07000132,Hinckley and Bosworth,2013,106613
1605,E07000133,Melton,2013,50836
1606,E07000134,North West Leicestershire,2013,94814
1607,E07000135,Oadby and Wigston,2013,56125
1608,E07000136,Boston,2013,65870
1609,E07000137,East Lindsey,2013,136711
1610,E07000138,Lincoln,2013,95629
1611,E07000139,North Kesteven,2013,109814
1612,E07000140,South Holland,2013,89243
1613,E07000141,South Kesteven,2013,136385
1614,E07000142,West Lindsey,2013,90717
1615,E07000143,Breckland,2013,132946
1616,E07000144,Broadland,2013,125507
1617,E07000145,Great Yarmouth,2013,97803
1618,E07000146,King's Lynn and West Norfolk,2013,149265
1619,E07000147,North Norfolk,2013,102049
1620,E07000148,Norwich,2013,135900
1621,E07000149,South Norfolk,2013,127570
1622,E07000150,Corby,2013,64213
1623,E07000151,Daventry,2013,78556
1624,E07000152,East Northamptonshire,2013,87987
1625,E07000153,Kettering,2013,95754
1626,E07000154,Northampton,2013,216740
1627,E07000155,South Northamptonshire,2013,87225
1628,E07000156,Wellingborough,2013,75958
1629,E07000163,Craven,2013,55540
1630,E07000164,Hambleton,2013,89915
1631,E07000165,Harrogate,2013,158237
1632,E07000166,Richmondshire,2013,53886
1633,E07000167,Ryedale,2013,52212
1634,E07000168,Scarborough,2013,108223
1635,E07000169,Selby,2013,84728
1636,E07000170,Ashfield,2013,121553
1637,E07000171,Bassetlaw,2013,113654
1638,E07000172,Broxtowe,2013,111243
1639,E07000173,Gedling,2013,114818
1640,E07000174,Mansfield,2013,105296
1641,E07000175,Newark and Sherwood,2013,116817
1642,E07000176,Rushcliffe,2013,112835
1643,E07000177,Cherwell,2013,143771
1644,E07000178,Oxford,2013,154773
1645,E07000179,South Oxfordshire,2013,136016
1646,E07000180,Vale of White Horse,2013,123648
1647,E07000181,West Oxfordshire,2013,107989
1648,E07000187,Mendip,2013,110181
1649,E07000188,Sedgemoor,2013,117544
1650,E07000189,South Somerset,2013,163943
1651,E07000190,Taunton Deane,2013,112116
1652,E07000191,West Somerset,2013,34320
1653,E07000192,Cannock Chase,2013,98119
1654,E07000193,East Staffordshire,2013,114922
1655,E07000194,Lichfield,2013,101768
1656,E07000195,Newcastle-under-Lyme,2013,125239
1657,E07000196,South Staffordshire,2013,110295
1658,E07000197,Stafford,2013,132092
1659,E07000198,Staffordshire Moorlands,2013,97415
1660,E07000199,Tamworth,2013,77157
1661,E07000200,Babergh,2013,88292
1662,E07000201,Forest Heath,2013,61243
1663,E07000202,Ipswich,2013,134701
1664,E07000203,Mid Suffolk,2013,98017
1665,E07000204,St Edmundsbury,2013,111846
1666,E07000205,Suffolk Coastal,2013,124405
1667,E07000206,Waveney,2013,115962
1668,E07000207,Elmbridge,2013,132179
1669,E07000208,Epsom and Ewell,2013,77131
1670,E07000209,Guildford,2013,141009
1671,E07000210,Mole Valley,2013,86309
1672,E07000211,Reigate and Banstead,2013,141073
1673,E07000212,Runnymede,2013,83448
1674,E07000213,Spelthorne,2013,97456
1675,E07000214,Surrey Heath,2013,86904
1676,E07000215,Tandridge,2013,84612
1677,E07000216,Waverley,2013,122426
1678,E07000217,Woking,2013,99567
1679,E07000218,North Warwickshire,2013,62124
1680,E07000219,Nuneaton and Bedworth,2013,126003
1681,E07000220,Rugby,2013,101373
1682,E07000221,Stratford-on-Avon,2013,120767
1683,E07000222,Warwick,2013,138462
1684,E07000223,Adur,2013,62505
1685,E07000224,Arun,2013,152818
1686,E07000225,Chichester,2013,115301
1687,E07000226,Crawley,2013,108971
1688,E07000227,Horsham,2013,132878
1689,E07000228,Mid Sussex,2013,142766
1690,E07000229,Worthing,2013,106117
1691,E07000234,Bromsgrove,2013,94744
1692,E07000235,Malvern Hills,2013,75339
1693,E07000236,Redditch,2013,84521
1694,E07000237,Worcester,2013,100405
1695,E07000238,Wychavon,2013,118738
1696,E07000239,Wyre Forest,2013,98421
1697,E07000240,St Albans,2013,143094
1698,E07000241,Welwyn Hatfield,2013,114061
1699,E07000242,East Hertfordshire,2013,141076
1700,E07000243,Stevenage,2013,85474
1701,E08000001,Bolton,2013,280057
1702,E08000002,Bury,2013,186527
1703,E08000003,Manchester,2013,514417
1704,E08000004,Oldham,2013,227312
1705,E08000005,Rochdale,2013,212120
1706,E08000006,Salford,2013,239013
1707,E08000007,Stockport,2013,285032
1708,E08000008,Tameside,2013,220597
1709,E08000009,Trafford,2013,230179
1710,E08000010,Wigan,2013,319690
1711,E08000011,Knowsley,2013,146086
1712,E08000012,Liverpool,2013,470780
1713,E08000013,St Helens,2013,176221
1714,E08000014,Sefton,2013,273207
1715,E08000015,Wirral,2013,320295
1716,E08000016,Barnsley,2013,235757
1717,E08000017,Doncaster,2013,303622
1718,E08000018,Rotherham,2013,258689
1719,E08000019,Sheffield,2013,560085
1720,E08000021,Newcastle upon Tyne,2013,286821
1721,E08000022,North Tyneside,2013,202152
1722,E08000023,South Tyneside,2013,148526
1723,E08000024,Sunderland,2013,276080
1724,E08000025,Birmingham,2013,1092330
1725,E08000026,Coventry,2013,329810
1726,E08000027,Dudley,2013,314427
1727,E08000028,Sandwell,2013,314329
1728,E08000029,Solihull,2013,208861
1729,E08000030,Walsall,2013,272161
1730,E08000031,Wolverhampton,2013,251557
1731,E08000032,Bradford,2013,526369
1732,E08000033,Calderdale,2013,206355
1733,E08000034,Kirklees,2013,428279
1734,E08000035,Leeds,2013,761488
1735,E08000036,Wakefield,2013,329708
1736,E08000037,Gateshead,2013,199998
1737,E09000001,City of London,2013,7648
1738,E09000002,Barking and Dagenham,2013,194352
1739,E09000003,Barnet,2013,369088
1740,E09000004,Bexley,2013,236687
1741,E09000005,Brent,2013,317264
1742,E09000006,Bromley,2013,317899
1743,E09000007,Camden,2013,229719
1744,E09000008,Croydon,2013,372752
1745,E09000009,Ealing,2013,342494
1746,E09000010,Enfield,2013,320524
1747,E09000011,Greenwich,2013,264008
1748,E09000012,Hackney,2013,257379
1749,E09000013,Hammersmith and Fulham,2013,178685
1750,E09000014,Haringey,2013,263386
1751,E09000015,Harrow,2013,243373
1752,E09000016,Havering,2013,242080
1753,E09000017,Hillingdon,2013,286808
1754,E09000018,Hounslow,2013,262407
1755,E09000019,Islington,2013,215671
1756,E09000020,Kensington and Chelsea,2013,155594
1757,E09000021,Kingston upon Thames,2013,166793
1758,E09000022,Lambeth,2013,314242
1759,E09000023,Lewisham,2013,286180
1760,E09000024,Merton,2013,203223
1761,E09000025,Newham,2013,318227
1762,E09000026,Redbridge,2013,288272
1763,E09000027,Richmond upon Thames,2013,191365
1764,E09000028,Southwark,2013,298465
1765,E09000029,Sutton,2013,195914
1766,E09000030,Tower Hamlets,2013,272890
1767,E09000031,Waltham Forest,2013,265797
1768,E09000032,Wandsworth,2013,310516
1769,E09000033,Westminster,2013,226841
1770,N09000001,Antrim and Newtownabbey,2013,139536
1771,N09000002,Armagh Banbridge and Craigavon,2013,203757
1772,N09000003,Belfast,2013,335133
1773,N09000004,Causeway Coast and Glens,2013,141699
1774,N09000005,Derry and Strabane,2013,148632
1775,N09000006,Fermanagh and Omagh,2013,114365
1776,N09000007,Lisburn and Castlereagh,2013,136808
1777,N09000008,Mid and East Antrim,2013,135997
1778,N09000009,Mid Ulster,2013,141329
1779,N09000010,Newry Mourne and Down,2013,174829
1780,N09000011,North Down and Ards,2013,157640
1781,S12000005,Clackmannanshire,2013,51280
1782,S12000006,Dumfries and Galloway,2013,150280
1783,S12000008,East Ayrshire,2013,122430
1784,S12000010,East Lothian,2013,101390
1785,S12000011,East Renfrewshire,2013,91530
1786,S12000013,Eilean Siar,2013,27400
1787,S12000014,Falkirk,2013,157160
1788,S12000015,Fife,2013,366900
1789,S12000017,Highland,2013,232930
1790,S12000018,Inverclyde,2013,80340
1791,S12000019,Midlothian,2013,84710
1792,S12000020,Moray,2013,94360
1793,S12000021,North Ayrshire,2013,136940
1794,S12000023,Orkney Islands,2013,21560
1795,S12000024,Perth and Kinross,2013,147770
1796,S12000026,Scottish Borders,2013,113880
1797,S12000027,Shetland Islands,2013,23200
1798,S12000028,South Ayrshire,2013,112870
1799,S12000029,South Lanarkshire,2013,314810
1800,S12000030,Stirling,2013,91230
1801,S12000033,Aberdeen City,2013,227070
1802,S12000034,Aberdeenshire,2013,257770
1803,S12000035,Argyll and Bute,2013,88050
1804,S12000036,City of Edinburgh,2013,33663
1805,E06000001,Hartlepool,2014,92590
1806,E06000002,Middlesbrough,2014,139119
1807,E06000003,Redcar and Cleveland,2014,135042
1808,E06000004,Stockton-on-Tees,2014,194119
1809,E06000005,Darlington,2014,105367
1810,E06000006,Halton,2014,126354
1811,E06000007,Warrington,2014,206428
1812,E06000008,Blackburn with Darwen,2014,146743
1813,E06000009,Blackpool,2014,140501
1814,E06000010,Kingston upon Hull City of,2014,257710
1815,E06000011,East Riding of Yorkshire,2014,337115
1816,E06000012,North East Lincolnshire,2014,159804
1817,E06000013,North Lincolnshire,2014,169247
1818,E06000014,York,2014,204439
1819,E06000015,Derby,2014,252463
1820,E06000016,Leicester,2014,337653
1821,E06000017,Rutland,2014,38022
1822,E06000018,Nottingham,2014,314268
1823,E06000019,Herefordshire County of,2014,187160
1824,E06000020,Telford and Wrekin,2014,169440
1825,E06000021,Stoke-on-Trent,2014,251027
1826,E06000022,Bath and North East Somerset,2014,182021
1827,E06000023,Bristol City of,2014,442474
1828,E06000024,North Somerset,2014,208154
1829,E06000025,South Gloucestershire,2014,271556
1830,E06000026,Plymouth,2014,261546
1831,E06000027,Torbay,2014,132984
1832,E06000028,Bournemouth,2014,191390
1833,E06000029,Poole,2014,150109
1834,E06000030,Swindon,2014,215799
1835,E06000031,Peterborough,2014,190461
1836,E06000032,Luton,2014,210962
1837,E06000033,Southend-on-Sea,2014,177931
1838,E06000034,Thurrock,2014,163270
1839,E06000035,Medway,2014,274015
1840,E06000036,Bracknell Forest,2014,118025
1841,E06000037,West Berkshire,2014,155732
1842,E06000038,Reading,2014,160825
1843,E06000039,Slough,2014,144575
1844,E06000040,Windsor and Maidenhead,2014,147400
1845,E06000041,Wokingham,2014,159097
1846,E06000042,Milton Keynes,2014,259245
1847,E06000043,Brighton and Hove,2014,281076
1848,E06000044,Portsmouth,2014,209085
1849,E06000045,Southampton,2014,245290
1850,E06000046,Isle of Wight,2014,139105
1851,E06000047,County Durham,2014,517773
1852,E06000049,Cheshire East,2014,374179
1853,E06000050,Cheshire West and Chester,2014,332210
1854,E06000051,Shropshire,2014,310121
1855,E06000052,Cornwall,2014,545335
1856,E06000053,Isles of Scilly,2014,2280
1857,E06000054,Wiltshire,2014,483143
1858,E06000055,Bedford,2014,163924
1859,E06000056,Central Bedfordshire,2014,269076
1860,E06000057,Northumberland,2014,315987
1861,E07000004,Aylesbury Vale,2014,184560
1862,E07000005,Chiltern,2014,93972
1863,E07000006,South Bucks,2014,68512
1864,E07000007,Wycombe,2014,174878
1865,E07000008,Cambridge,2014,128515
1866,E07000009,East Cambridgeshire,2014,86685
1867,E07000010,Fenland,2014,97732
1868,E07000011,Huntingdonshire,2014,173605
1869,E07000012,South Cambridgeshire,2014,153281
1870,E07000026,Allerdale,2014,96471
1871,E07000027,Barrow-in-Furness,2014,67648
1872,E07000028,Carlisle,2014,108022
1873,E07000029,Copeland,2014,69832
1874,E07000030,Eden,2014,52630
1875,E07000031,South Lakeland,2014,103271
1876,E07000032,Amber Valley,2014,123942
1877,E07000033,Bolsover,2014,77155
1878,E07000034,Chesterfield,2014,104288
1879,E07000035,Derbyshire Dales,2014,71281
1880,E07000036,Erewash,2014,114048
1881,E07000037,High Peak,2014,91364
1882,E07000038,North East Derbyshire,2014,99352
1883,E07000039,South Derbyshire,2014,98374
1884,E07000040,East Devon,2014,136374
1885,E07000041,Exeter,2014,124328
1886,E07000042,Mid Devon,2014,79198
1887,E07000043,North Devon,2014,94059
1888,E07000044,South Hams,2014,84108
1889,E07000045,Teignbridge,2014,127357
1890,E07000046,Torridge,2014,65618
1891,E07000047,West Devon,2014,54260
1892,E07000048,Christchurch,2014,48895
1893,E07000049,East Dorset,2014,88186
1894,E07000050,North Dorset,2014,70043
1895,E07000051,Purbeck,2014,45679
1896,E07000052,West Dorset,2014,100474
1897,E07000053,Weymouth and Portland,2014,64992
1898,E07000061,Eastbourne,2014,101547
1899,E07000062,Hastings,2014,91093
1900,E07000063,Lewes,2014,100229
1901,E07000064,Rother,2014,92130
1902,E07000065,Wealden,2014,154767
1903,E07000066,Basildon,2014,180521
1904,E07000067,Braintree,2014,149985
1905,E07000068,Brentwood,2014,75645
1906,E07000069,Castle Point,2014,88907
1907,E07000070,Chelmsford,2014,171633
1908,E07000071,Colchester,2014,180420
1909,E07000072,Epping Forest,2014,128777
1910,E07000073,Harlow,2014,84564
1911,E07000074,Maldon,2014,62767
1912,E07000075,Rochford,2014,84776
1913,E07000076,Tendring,2014,139916
1914,E07000077,Uttlesford,2014,84042
1915,E07000078,Cheltenham,2014,116495
1916,E07000079,Cotswold,2014,84637
1917,E07000080,Forest of Dean,2014,83674
1918,E07000081,Gloucester,2014,125649
1919,E07000082,Stroud,2014,115093
1920,E07000083,Tewkesbury,2014,85784
1921,E07000084,Basingstoke and Deane,2014,172870
1922,E07000085,East Hampshire,2014,117483
1923,E07000086,Eastleigh,2014,128877
1924,E07000087,Fareham,2014,114331
1925,E07000088,Gosport,2014,84287
1926,E07000089,Hart,2014,93325
1927,E07000090,Havant,2014,122210
1928,E07000091,New Forest,2014,178907
1929,E07000092,Rushmoor,2014,95296
1930,E07000093,Test Valley,2014,119332
1931,E07000094,Winchester,2014,119218
1932,E07000095,Broxbourne,2014,95748
1933,E07000096,Dacorum,2014,149741
1934,E07000098,Hertsmere,2014,102427
1935,E07000099,North Hertfordshire,2014,131046
1936,E07000102,Three Rivers,2014,90423
1937,E07000103,Watford,2014,95505
1938,E07000105,Ashford,2014,123285
1939,E07000106,Canterbury,2014,157649
1940,E07000107,Dartford,2014,102234
1941,E07000108,Dover,2014,113066
1942,E07000109,Gravesham,2014,105261
1943,E07000110,Maidstone,2014,161819
1944,E07000111,Sevenoaks,2014,117811
1945,E07000112,Shepway,2014,109452
1946,E07000113,Swale,2014,140836
1947,E07000114,Thanet,2014,138410
1948,E07000115,Tonbridge and Malling,2014,124426
1949,E07000116,Tunbridge Wells,2014,116105
1950,E07000117,Burnley,2014,87291
1951,E07000118,Chorley,2014,111607
1952,E07000119,Fylde,2014,77042
1953,E07000120,Hyndburn,2014,80208
1954,E07000121,Lancaster,2014,141277
1955,E07000122,Pendle,2014,89840
1956,E07000123,Preston,2014,140452
1957,E07000124,Ribble Valley,2014,58091
1958,E07000125,Rossendale,2014,69168
1959,E07000126,South Ribble,2014,109077
1960,E07000127,West Lancashire,2014,111940
1961,E07000128,Wyre,2014,108742
1962,E07000129,Blaby,2014,95851
1963,E07000130,Charnwood,2014,173545
1964,E07000131,Harborough,2014,88008
1965,E07000132,Hinckley and Bosworth,2014,107722
1966,E07000133,Melton,2014,50969
1967,E07000134,North West Leicestershire,2014,95882
1968,E07000135,Oadby and Wigston,2014,55928
1969,E07000136,Boston,2014,66458
1970,E07000137,East Lindsey,2014,137623
1971,E07000138,Lincoln,2014,96202
1972,E07000139,North Kesteven,2014,111046
1973,E07000140,South Holland,2014,90419
1974,E07000141,South Kesteven,2014,137981
1975,E07000142,West Lindsey,2014,91787
1976,E07000143,Breckland,2014,133986
1977,E07000144,Broadland,2014,125961
1978,E07000145,Great Yarmouth,2014,98172
1979,E07000146,King's Lynn and West Norfolk,2014,150026
1980,E07000147,North Norfolk,2014,102867
1981,E07000148,Norwich,2014,137472
1982,E07000149,South Norfolk,2014,129226
1983,E07000150,Corby,2014,65434
1984,E07000151,Daventry,2014,79036
1985,E07000152,East Northamptonshire,2014,88872
1986,E07000153,Kettering,2014,96945
1987,E07000154,Northampton,2014,219495
1988,E07000155,South Northamptonshire,2014,88164
1989,E07000156,Wellingborough,2014,76446
1990,E07000163,Craven,2014,55696
1991,E07000164,Hambleton,2014,89828
1992,E07000165,Harrogate,2014,157267
1993,E07000166,Richmondshire,2014,52729
1994,E07000167,Ryedale,2014,52655
1995,E07000168,Scarborough,2014,108006
1996,E07000169,Selby,2014,85355
1997,E07000170,Ashfield,2014,122508
1998,E07000171,Bassetlaw,2014,114143
1999,E07000172,Broxtowe,2014,111780
2000,E07000173,Gedling,2014,115638
2001,E07000174,Mansfield,2014,105893
2002,E07000175,Newark and Sherwood,2014,117758
2003,E07000176,Rushcliffe,2014,113670
2004,E07000177,Cherwell,2014,144494
2005,E07000178,Oxford,2014,157997
2006,E07000179,South Oxfordshire,2014,137015
2007,E07000180,Vale of White Horse,2014,124852
2008,E07000181,West Oxfordshire,2014,108158
2009,E07000187,Mendip,2014,110844
2010,E07000188,Sedgemoor,2014,119057
2011,E07000189,South Somerset,2014,164569
2012,E07000190,Taunton Deane,2014,112817
2013,E07000191,West Somerset,2014,34322
2014,E07000192,Cannock Chase,2014,98549
2015,E07000193,East Staffordshire,2014,115663
2016,E07000194,Lichfield,2014,102093
2017,E07000195,Newcastle-under-Lyme,2014,126052
2018,E07000196,South Staffordshire,2014,110692
2019,E07000197,Stafford,2014,132241
2020,E07000198,Staffordshire Moorlands,2014,97763
2021,E07000199,Tamworth,2014,77112
2022,E07000200,Babergh,2014,88845
2023,E07000201,Forest Heath,2014,62812
2024,E07000202,Ipswich,2014,134966
2025,E07000203,Mid Suffolk,2014,99121
2026,E07000204,St Edmundsbury,2014,112073
2027,E07000205,Suffolk Coastal,2014,124776
2028,E07000206,Waveney,2014,115919
2029,E07000207,Elmbridge,2014,132769
2030,E07000208,Epsom and Ewell,2014,78318
2031,E07000209,Guildford,2014,142958
2032,E07000210,Mole Valley,2014,86234
2033,E07000211,Reigate and Banstead,2014,143094
2034,E07000212,Runnymede,2014,84584
2035,E07000213,Spelthorne,2014,98106
2036,E07000214,Surrey Heath,2014,87533
2037,E07000215,Tandridge,2014,85374
2038,E07000216,Waverley,2014,122860
2039,E07000217,Woking,2014,99426
2040,E07000218,North Warwickshire,2014,62468
2041,E07000219,Nuneaton and Bedworth,2014,126174
2042,E07000220,Rugby,2014,102500
2043,E07000221,Stratford-on-Avon,2014,121056
2044,E07000222,Warwick,2014,139396
2045,E07000223,Adur,2014,63176
2046,E07000224,Arun,2014,154414
2047,E07000225,Chichester,2014,115527
2048,E07000226,Crawley,2014,109883
2049,E07000227,Horsham,2014,134158
2050,E07000228,Mid Sussex,2014,144377
2051,E07000229,Worthing,2014,106863
2052,E07000234,Bromsgrove,2014,95485
2053,E07000235,Malvern Hills,2014,75911
2054,E07000236,Redditch,2014,84471
2055,E07000237,Worcester,2014,100842
2056,E07000238,Wychavon,2014,119752
2057,E07000239,Wyre Forest,2014,98960
2058,E07000240,St Albans,2014,144834
2059,E07000241,Welwyn Hatfield,2014,116024
2060,E07000242,East Hertfordshire,2014,143021
2061,E07000243,Stevenage,2014,85997
2062,E08000001,Bolton,2014,280439
2063,E08000002,Bury,2014,187474
2064,E08000003,Manchester,2014,520215
2065,E08000004,Oldham,2014,228765
2066,E08000005,Rochdale,2014,212962
2067,E08000006,Salford,2014,242040
2068,E08000007,Stockport,2014,286755
2069,E08000008,Tameside,2014,220771
2070,E08000009,Trafford,2014,232458
2071,E08000010,Wigan,2014,320975
2072,E08000011,Knowsley,2014,146407
2073,E08000012,Liverpool,2014,473073
2074,E08000013,St Helens,2014,177188
2075,E08000014,Sefton,2014,273531
2076,E08000015,Wirral,2014,320914
2077,E08000016,Barnsley,2014,237843
2078,E08000017,Doncaster,2014,304185
2079,E08000018,Rotherham,2014,260070
2080,E08000019,Sheffield,2014,563749
2081,E08000021,Newcastle upon Tyne,2014,289835
2082,E08000022,North Tyneside,2014,202744
2083,E08000023,South Tyneside,2014,148740
2084,E08000024,Sunderland,2014,276889
2085,E08000025,Birmingham,2014,1101360
2086,E08000026,Coventry,2014,337428
2087,E08000027,Dudley,2014,315799
2088,E08000028,Sandwell,2014,316719
2089,E08000029,Solihull,2014,209890
2090,E08000030,Walsall,2014,274173
2091,E08000031,Wolverhampton,2014,252987
2092,E08000032,Bradford,2014,528155
2093,E08000033,Calderdale,2014,207376
2094,E08000034,Kirklees,2014,431020
2095,E08000035,Leeds,2014,766399
2096,E08000036,Wakefield,2014,331379
2097,E08000037,Gateshead,2014,200505
2098,E09000001,City of London,2014,8072
2099,E09000002,Barking and Dagenham,2014,198294
2100,E09000003,Barnet,2014,374915
2101,E09000004,Bexley,2014,239865
2102,E09000005,Brent,2014,320762
2103,E09000006,Bromley,2014,321278
2104,E09000007,Camden,2014,234846
2105,E09000008,Croydon,2014,376040
2106,E09000009,Ealing,2014,342118
2107,E09000010,Enfield,2014,324574
2108,E09000011,Greenwich,2014,268678
2109,E09000012,Hackney,2014,263150
2110,E09000013,Hammersmith and Fulham,2014,178365
2111,E09000014,Haringey,2014,267541
2112,E09000015,Harrow,2014,246011
2113,E09000016,Havering,2014,245974
2114,E09000017,Hillingdon,2014,292690
2115,E09000018,Hounslow,2014,265568
2116,E09000019,Islington,2014,221030
2117,E09000020,Kensington and Chelsea,2014,156190
2118,E09000021,Kingston upon Thames,2014,169958
2119,E09000022,Lambeth,2014,318216
2120,E09000023,Lewisham,2014,291933
2121,E09000024,Merton,2014,203515
2122,E09000025,Newham,2014,324322
2123,E09000026,Redbridge,2014,293055
2124,E09000027,Richmond upon Thames,2014,193585
2125,E09000028,Southwark,2014,302538
2126,E09000029,Sutton,2014,198134
2127,E09000030,Tower Hamlets,2014,284015
2128,E09000031,Waltham Forest,2014,268020
2129,E09000032,Wandsworth,2014,312145
2130,E09000033,Westminster,2014,233292
2131,N09000001,Antrim and Newtownabbey,2014,139966
2132,N09000002,Armagh Banbridge and Craigavon,2014,205711
2133,N09000003,Belfast,2014,336830
2134,N09000004,Causeway Coast and Glens,2014,142303
2135,N09000005,Derry and Strabane,2014,149198
2136,N09000006,Fermanagh and Omagh,2014,114992
2137,N09000007,Lisburn and Castlereagh,2014,138627
2138,N09000008,Mid and East Antrim,2014,136642
2139,N09000009,Mid Ulster,2014,142895
2140,N09000010,Newry Mourne and Down,2014,175403
2141,N09000011,North Down and Ards,2014,157931
2142,S12000005,Clackmannanshire,2014,51190
2143,S12000006,Dumfries and Galloway,2014,149960
2144,S12000008,East Ayrshire,2014,122130
2145,S12000010,East Lothian,2014,102090
2146,S12000011,East Renfrewshire,2014,92410
2147,S12000013,Eilean Siar,2014,27250
2148,S12000014,Falkirk,2014,157690
2149,S12000015,Fife,2014,367250
2150,S12000017,Highland,2014,233080
2151,S12000018,Inverclyde,2014,79890
2152,S12000019,Midlothian,2014,86220
2153,S12000020,Moray,2014,94770
2154,S12000021,North Ayrshire,2014,136480
2155,S12000023,Orkney Islands,2014,21580
2156,S12000024,Perth and Kinross,2014,148930
2157,S12000026,Scottish Borders,2014,114040
2158,S12000027,Shetland Islands,2014,23220
2159,S12000028,South Ayrshire,2014,112530
2160,S12000029,South Lanarkshire,2014,315300
2161,S12000030,Stirling,2014,91520
2162,S12000033,Aberdeen City,2014,228920
2163,S12000034,Aberdeenshire,2014,260530
2164,S12000035,Argyll and Bute,2014,87650
2165,S12000036,City of Edinburgh,2014,34156
